load,rng_run,identical,sha256
LOW,1001,True,48c282be26ea2b70fe60349bf8e357b5e78ea23f8208c4dff385161c46919e39
LOW,1002,True,18f4b3b9e11fa5a14875b8ece9bd7d842a9b6e634ff2ff66bb784fa90415aad5
LOW,1003,True,ff8ae243e81de56467d901450839a49cc1dcd2a6699dc9614c4db3c1dec6a34b
LOW,1004,True,8981404aacc1f2fff4143b0ed2d233280228d1e2e112cd413df549cb2a01f94b
LOW,1005,True,89895982e3816962d15418249ed19ea87c1f2c109f69649bed176ddf8d06c7b1
LOW,1006,True,aca53411f92a610dbf83ec1bcec59eb525c81960409160fd564096810de394de
LOW,1007,True,5e26e2fc1214f3012e88b7e4462c1f2ef19ec70212b24d742514ceba80f7d189
LOW,1008,True,ca89250e237c40ff838591612177ba29047f5b388993b8ada6a091c079fbaaa9
LOW,1009,True,a46cb0e1e70ea43e142940ad3d7565e861aa021c13502cdd548adde05ce3e40b
LOW,1010,True,4543a0ba65c75da260d4c247a4bb5c726150f42a302f6fb9d74e660200339d2e
LOW,1011,True,15d320a24a7530528c0c9b88f60fb07697eee432c80ba8d8c8d6c45bd349a43b
LOW,1012,True,3e895bb82c218091cbe8f2cdbcc66415394ffaf48d16f55ec941014bb55cdbe4
LOW,1013,True,4f18801535e40cf1531fc4c4ff15d27a66277743a345548b81af3fa64c0a8048
LOW,1014,True,7c89c28fa50a03a24478b21a5b1459720c00a03958f3e86d411887973a386b6c
LOW,1015,True,3d8712fc2a9c0d38b0e283d4b7694755d3e66e89e4acadbca160d37bc3fd4d7c
LOW,1016,True,ca4441592fa48d615d8d6ba0cf65a79b29b4eba3394d82012251653529963b86
LOW,1017,True,bb4fb606e8ad0444a045f2e480b535acab8904913f94c5cec4946014f40c661c
LOW,1018,True,1c4461cff48377f2f40121e71216a56146e08432eabff91860949add398edcd5
LOW,1019,True,b412bec4921d8719c44cf8fd85f1a44b37d29facec7d708d7b367a02ba959977
LOW,1020,True,c970659d13825b556f9ba136ca61e4950d9e9be532acc7e5b765d6abb32783dc
LOW,1021,True,5122fc6ef5a09089d71c1a1d796c3cc9cf3a6070158868a168b8ee4812d13a83
LOW,1022,True,47f784b8a2d39c942c2efe0dab0e056468f68475aff7100dece2ae844375bffe
LOW,1023,True,27700b5082fc7972b4d87a040615e2e0b2019901a3f78ffa0176805e5d7e5edb
LOW,1024,True,171834f018e91436794814e93a1f62a547d0d8689fed5de7be9796c73a86d95e
LOW,1025,True,4e3a8305156bbfc4d77a2b28f216a05cd6bdf801a1456c37b18bb33ac1372421
LOW,1026,True,ebad4fb1d33e10b20a1f29e35b4431a38c93ecd6322312968f6a7c2069a9237c
LOW,1027,True,7e59748cf7932b18093fbdb7b98577212c7a920f33084ac5e79c362dda32d8a4
LOW,1028,True,6d86c8720bc2f557e8c9adbcc61e30808576a9a26c7a25a0029f4e87bcb03ecb
LOW,1029,True,8f0218a18432b6dd46cbdf3be133bbc5dced48952610fa52dccbcb36cad4b67f
LOW,1030,True,56bd1953e3c943d9bebf3b8ea152191bf8efeb4041f17cc69974a2d47c5ae03f
LOW,1031,True,d047f380f70a826297db8112f9938bb15d0d9af9a98b597e3fa9a9fea224af8c
LOW,1032,True,c96b7db753dcf2819f37b61361251715153aec36c7f0bc4ba33e48114d79853b
LOW,1033,True,d19caaf7a9c7b4575490a3145eb226729d208df7c838a3a5fcf544eac61b440e
LOW,1034,True,2eb345b4d8d882646cb82cd037dea4bac05cc770a34e0cfd1ba50d269c391cf3
LOW,1035,True,aaf4c5e5f06e1e34b8c8d7a9028d3dd6107ad0129451ee4077e2021431b62836
LOW,1036,True,7958b104048c19ed44b274e89d1cb0ed9dd6b05de586eef02209b3efd35ce325
LOW,1037,True,5e6121b838bb0351aff945ebf582bef0d974b14541900352fa03f3132e79c51e
LOW,1038,True,a3ee1d9afabab70856248e825ad81db85d86420426a35e45f958d94a70833f84
LOW,1039,True,2ab9fb2034aef72816adaea11612ba72c9f76b6cd5b7c7a459668e22809c1b52
LOW,1040,True,c1ccb6e67318669eb3140ce8b9fdcf937993620b701d2b2b1ea4b68aac638c79
LOW,1041,True,f89ff085947b5dc9efa6eb3727c672d8819dec151ce7d3ba50bb069e7350bf47
LOW,1042,True,684ca325e1db1fd6af919a326ed8984acdd1ac888aadebf77d0e730b3d77becc
LOW,1043,True,b0a0b1739b16963fd5dbe4250252b958a0554e0e0bdd324f1128218d2599e0a9
LOW,1044,True,08bb5af06ea13ca9fc31b7842df76dfc3798a5946a83c303b0bafd72a3cdce5e
LOW,1045,True,7889056557dc2074ebcaa7f9b35083e3c927b775d19cae5af046e09ce4bb6294
LOW,1046,True,c960929b7f7309162b4db1136946cf3bc48efa4bd7229fe906b69c57ae4ee1ca
LOW,1047,True,721e38ef5282b5783c8ac2c344072b2745fe3b5f897c2f528084c27b5e3bf8bd
LOW,1048,True,d988035266b7b25f546f3e1a75d0600d1deeb1c7b01ed99ebe216851ac314a16
LOW,1049,True,b6972a194f821d9c8c2703a7cb4becd30ee5046bde95eeaf28eaa77167479e26
LOW,1050,True,43f46debb28e9ece4288d130e64c2a1c682de13710cf370cd63d19623519bee9
LOW,1051,True,6be1c0574cb7af7d0428efc1f76c064a92c578f5b9f8c3934eea182a294ed07f
LOW,1052,True,4b259df8d1eede2b50322aa834f731f17f8706f5f1f5d16cb71aa28e25de6491
LOW,1053,True,14002df94d07355c4323b4e602760af9c5904feb53b16b7aa6f68d374e1110ff
LOW,1054,True,2dd2e57fcbba189856fac3cb0f43203d4176546ef46ef1cbf6af304117eebdf8
LOW,1055,True,beef42aaa857d190b45036324e05772020969080251af5f49e3ad4e98dfa641f
LOW,1056,True,1b0ddc76b9f06f31153993bfa1e045113f822a9467250cd185890223397b1933
LOW,1057,True,b8ade117c52789645f4d98ead579d861d8532e18883f8c3db63005b65dc93ffd
LOW,1058,True,9be28de538a8c5d0b9a791df2a5ca171681f46f211e3d82e237a494753b4592d
LOW,1059,True,ebdfc37e7bfc1d9cd437fe187f2253dad7421b3cb72fc5088954af7a254beba3
LOW,1060,True,ded9db1a06bacf0fe02190508957bc5ed6e03c2dbd63ead45cff1765cc78e8f0
LOW,1061,True,e60c0ebb8fdde91f2c3f80540124626fc1ea3cd7a33885ea67ee99b1a43a2754
LOW,1062,True,c8d21c6307817560a3f63ead894ef43508282680c4362542760f210294c888dd
LOW,1063,True,e34bb8d75fe12ad0e01fcbdd529f00f2837238f6d04ef47d0796abab706d35b9
LOW,1064,True,137c9962a46e584f5e4ba77ecb98f2413d6bf510c01a2a12c07cd97b63a69174
LOW,1065,True,4a651099a3f64b9afe7c6ddea135817f7116ecb24db8fbbfb85a20ef3bc6f907
LOW,1066,True,c11dae7a3de01165b620efee2638f9c8f8b90639237780696f67ac2da73021b8
LOW,1067,True,93bb3ce7a1da0374b089df98f6c173a6e7be01ce6c9bc556bceaaa2c6cfc81e4
LOW,1068,True,5c117f34b385a28c0f942334e8a6a4a1e1d566604662e57c188ee3ef14f0512b
LOW,1069,True,d9a9bb3ca92c9b7c4e0b2774861506bb48b0028f80dc6449e93115082c70ee8e
LOW,1070,True,10c9677419ed88a9d1cc8700f80dbae179cf1254b98d9de5ec84f49d5d6ec753
LOW,1071,True,128782b6f1e4a1346c0caabbad2508e7c6fdb03dd74897521803d5f42363cc70
LOW,1072,True,6bdd0116906ce400b4ae71322b8ad232eae5c196d61128cb414c82271279f0e0
LOW,1073,True,727ed29c915fe6bbe08b65e7850962414ab6f558acc1c8efeed4077f18df574b
LOW,1074,True,4e3955bd45a3d146033d50df346b8aa14846179377cb57cc18c796d6513898b6
LOW,1075,True,e42af2cc6d10dbb3e0ede6aca6a1399fa148b15fc054a8c9c54bdb49203b2860
LOW,1076,True,99081c9f7be88a81066dcc0d9c0b3bc2bd9b27388797e5af4201dcfb548b4085
LOW,1077,True,208f2fda231fb5422c1485f5c01f0c02fa0a3b17eac0e1c359e987e93312e1ce
LOW,1078,True,a124bc6b29ca488c94c755edba3c465410bcd41b2deec8fce8b849e9b7aed8ff
LOW,1079,True,d05aa15be1236f098f6c8b4bc7a1358ae15776c0017faa40a0b6ef95d7068f3e
LOW,1080,True,4cb4a432673cf424eaa0fc3efa08892bb8856f5128daa8090fdd27d09271ebed
LOW,1081,True,6a1fe93d3a24957190cbb2a3461fc0cc228803143603e6edfaedff6d79504a4b
LOW,1082,True,403e69090d1cbaaba5c0983263d72c7a7c87f25eda1b66f8e5a5198a3a7975a9
LOW,1083,True,7ea1ddb0e104570ef6122dd2535b8887ff0a7f1199555866ac483630fbbec98a
LOW,1084,True,e7c1b65ce78dbf43f0c83e4a5e984ba695bd3b8ca26a75f8b33edce6e1ebdf0f
LOW,1085,True,d8220e1ed4177328b2ab7e359278ce9a6f3b7dc880b139bdeff230f66960c6e1
LOW,1086,True,789f954baa6030fca0d7211854adff9fb54e9d4fa0a347ca8d8aefae4c406539
LOW,1087,True,a6e2ae332fcee6d983ce654c37201575e963b8d8eb787e5c5186f33792e271dc
LOW,1088,True,3b7ce73bbe42e2ecbb87fb056cec4f825dc288e70d4082b1e5699bf1b500b8a2
HEAVY,1001,True,48c282be26ea2b70fe60349bf8e357b5e78ea23f8208c4dff385161c46919e39
HEAVY,1002,True,18f4b3b9e11fa5a14875b8ece9bd7d842a9b6e634ff2ff66bb784fa90415aad5
HEAVY,1003,True,ff8ae243e81de56467d901450839a49cc1dcd2a6699dc9614c4db3c1dec6a34b
HEAVY,1004,True,8981404aacc1f2fff4143b0ed2d233280228d1e2e112cd413df549cb2a01f94b
HEAVY,1005,True,89895982e3816962d15418249ed19ea87c1f2c109f69649bed176ddf8d06c7b1
HEAVY,1006,True,aca53411f92a610dbf83ec1bcec59eb525c81960409160fd564096810de394de
HEAVY,1007,True,5e26e2fc1214f3012e88b7e4462c1f2ef19ec70212b24d742514ceba80f7d189
HEAVY,1008,True,ca89250e237c40ff838591612177ba29047f5b388993b8ada6a091c079fbaaa9
HEAVY,1009,True,a46cb0e1e70ea43e142940ad3d7565e861aa021c13502cdd548adde05ce3e40b
HEAVY,1010,True,4543a0ba65c75da260d4c247a4bb5c726150f42a302f6fb9d74e660200339d2e
HEAVY,1011,True,15d320a24a7530528c0c9b88f60fb07697eee432c80ba8d8c8d6c45bd349a43b
HEAVY,1012,True,3e895bb82c218091cbe8f2cdbcc66415394ffaf48d16f55ec941014bb55cdbe4
HEAVY,1013,True,4f18801535e40cf1531fc4c4ff15d27a66277743a345548b81af3fa64c0a8048
HEAVY,1014,True,7c89c28fa50a03a24478b21a5b1459720c00a03958f3e86d411887973a386b6c
HEAVY,1015,True,3d8712fc2a9c0d38b0e283d4b7694755d3e66e89e4acadbca160d37bc3fd4d7c
HEAVY,1016,True,ca4441592fa48d615d8d6ba0cf65a79b29b4eba3394d82012251653529963b86
HEAVY,1017,True,bb4fb606e8ad0444a045f2e480b535acab8904913f94c5cec4946014f40c661c
HEAVY,1018,True,1c4461cff48377f2f40121e71216a56146e08432eabff91860949add398edcd5
HEAVY,1019,True,b412bec4921d8719c44cf8fd85f1a44b37d29facec7d708d7b367a02ba959977
HEAVY,1020,True,c970659d13825b556f9ba136ca61e4950d9e9be532acc7e5b765d6abb32783dc
HEAVY,1021,True,5122fc6ef5a09089d71c1a1d796c3cc9cf3a6070158868a168b8ee4812d13a83
HEAVY,1022,True,47f784b8a2d39c942c2efe0dab0e056468f68475aff7100dece2ae844375bffe
HEAVY,1023,True,27700b5082fc7972b4d87a040615e2e0b2019901a3f78ffa0176805e5d7e5edb
HEAVY,1024,True,171834f018e91436794814e93a1f62a547d0d8689fed5de7be9796c73a86d95e
HEAVY,1025,True,4e3a8305156bbfc4d77a2b28f216a05cd6bdf801a1456c37b18bb33ac1372421
HEAVY,1026,True,ebad4fb1d33e10b20a1f29e35b4431a38c93ecd6322312968f6a7c2069a9237c
HEAVY,1027,True,7e59748cf7932b18093fbdb7b98577212c7a920f33084ac5e79c362dda32d8a4
HEAVY,1028,True,6d86c8720bc2f557e8c9adbcc61e30808576a9a26c7a25a0029f4e87bcb03ecb
HEAVY,1029,True,8f0218a18432b6dd46cbdf3be133bbc5dced48952610fa52dccbcb36cad4b67f
HEAVY,1030,True,56bd1953e3c943d9bebf3b8ea152191bf8efeb4041f17cc69974a2d47c5ae03f
HEAVY,1031,True,d047f380f70a826297db8112f9938bb15d0d9af9a98b597e3fa9a9fea224af8c
HEAVY,1032,True,c96b7db753dcf2819f37b61361251715153aec36c7f0bc4ba33e48114d79853b
HEAVY,1033,True,d19caaf7a9c7b4575490a3145eb226729d208df7c838a3a5fcf544eac61b440e
HEAVY,1034,True,2eb345b4d8d882646cb82cd037dea4bac05cc770a34e0cfd1ba50d269c391cf3
HEAVY,1035,True,aaf4c5e5f06e1e34b8c8d7a9028d3dd6107ad0129451ee4077e2021431b62836
HEAVY,1036,True,7958b104048c19ed44b274e89d1cb0ed9dd6b05de586eef02209b3efd35ce325
HEAVY,1037,True,5e6121b838bb0351aff945ebf582bef0d974b14541900352fa03f3132e79c51e
HEAVY,1038,True,a3ee1d9afabab70856248e825ad81db85d86420426a35e45f958d94a70833f84
HEAVY,1039,True,2ab9fb2034aef72816adaea11612ba72c9f76b6cd5b7c7a459668e22809c1b52
HEAVY,1040,True,c1ccb6e67318669eb3140ce8b9fdcf937993620b701d2b2b1ea4b68aac638c79
HEAVY,1041,True,f89ff085947b5dc9efa6eb3727c672d8819dec151ce7d3ba50bb069e7350bf47
HEAVY,1042,True,684ca325e1db1fd6af919a326ed8984acdd1ac888aadebf77d0e730b3d77becc
HEAVY,1043,True,b0a0b1739b16963fd5dbe4250252b958a0554e0e0bdd324f1128218d2599e0a9
HEAVY,1044,True,08bb5af06ea13ca9fc31b7842df76dfc3798a5946a83c303b0bafd72a3cdce5e
HEAVY,1045,True,7889056557dc2074ebcaa7f9b35083e3c927b775d19cae5af046e09ce4bb6294
HEAVY,1046,True,c960929b7f7309162b4db1136946cf3bc48efa4bd7229fe906b69c57ae4ee1ca
HEAVY,1047,True,721e38ef5282b5783c8ac2c344072b2745fe3b5f897c2f528084c27b5e3bf8bd
HEAVY,1048,True,d988035266b7b25f546f3e1a75d0600d1deeb1c7b01ed99ebe216851ac314a16
HEAVY,1049,True,b6972a194f821d9c8c2703a7cb4becd30ee5046bde95eeaf28eaa77167479e26
HEAVY,1050,True,43f46debb28e9ece4288d130e64c2a1c682de13710cf370cd63d19623519bee9
HEAVY,1051,True,6be1c0574cb7af7d0428efc1f76c064a92c578f5b9f8c3934eea182a294ed07f
HEAVY,1052,True,4b259df8d1eede2b50322aa834f731f17f8706f5f1f5d16cb71aa28e25de6491
HEAVY,1053,True,14002df94d07355c4323b4e602760af9c5904feb53b16b7aa6f68d374e1110ff
HEAVY,1054,True,2dd2e57fcbba189856fac3cb0f43203d4176546ef46ef1cbf6af304117eebdf8
HEAVY,1055,True,beef42aaa857d190b45036324e05772020969080251af5f49e3ad4e98dfa641f
HEAVY,1056,True,1b0ddc76b9f06f31153993bfa1e045113f822a9467250cd185890223397b1933
HEAVY,1057,True,b8ade117c52789645f4d98ead579d861d8532e18883f8c3db63005b65dc93ffd
HEAVY,1058,True,9be28de538a8c5d0b9a791df2a5ca171681f46f211e3d82e237a494753b4592d
HEAVY,1059,True,ebdfc37e7bfc1d9cd437fe187f2253dad7421b3cb72fc5088954af7a254beba3
HEAVY,1060,True,ded9db1a06bacf0fe02190508957bc5ed6e03c2dbd63ead45cff1765cc78e8f0
HEAVY,1061,True,e60c0ebb8fdde91f2c3f80540124626fc1ea3cd7a33885ea67ee99b1a43a2754
HEAVY,1062,True,c8d21c6307817560a3f63ead894ef43508282680c4362542760f210294c888dd
HEAVY,1063,True,e34bb8d75fe12ad0e01fcbdd529f00f2837238f6d04ef47d0796abab706d35b9
HEAVY,1064,True,137c9962a46e584f5e4ba77ecb98f2413d6bf510c01a2a12c07cd97b63a69174
HEAVY,1065,True,4a651099a3f64b9afe7c6ddea135817f7116ecb24db8fbbfb85a20ef3bc6f907
HEAVY,1066,True,c11dae7a3de01165b620efee2638f9c8f8b90639237780696f67ac2da73021b8
HEAVY,1067,True,93bb3ce7a1da0374b089df98f6c173a6e7be01ce6c9bc556bceaaa2c6cfc81e4
HEAVY,1068,True,5c117f34b385a28c0f942334e8a6a4a1e1d566604662e57c188ee3ef14f0512b
HEAVY,1069,True,d9a9bb3ca92c9b7c4e0b2774861506bb48b0028f80dc6449e93115082c70ee8e
HEAVY,1070,True,10c9677419ed88a9d1cc8700f80dbae179cf1254b98d9de5ec84f49d5d6ec753
HEAVY,1071,True,128782b6f1e4a1346c0caabbad2508e7c6fdb03dd74897521803d5f42363cc70
HEAVY,1072,True,6bdd0116906ce400b4ae71322b8ad232eae5c196d61128cb414c82271279f0e0
HEAVY,1073,True,727ed29c915fe6bbe08b65e7850962414ab6f558acc1c8efeed4077f18df574b
HEAVY,1074,True,4e3955bd45a3d146033d50df346b8aa14846179377cb57cc18c796d6513898b6
HEAVY,1075,True,e42af2cc6d10dbb3e0ede6aca6a1399fa148b15fc054a8c9c54bdb49203b2860
HEAVY,1076,True,99081c9f7be88a81066dcc0d9c0b3bc2bd9b27388797e5af4201dcfb548b4085
HEAVY,1077,True,208f2fda231fb5422c1485f5c01f0c02fa0a3b17eac0e1c359e987e93312e1ce
HEAVY,1078,True,a124bc6b29ca488c94c755edba3c465410bcd41b2deec8fce8b849e9b7aed8ff
HEAVY,1079,True,d05aa15be1236f098f6c8b4bc7a1358ae15776c0017faa40a0b6ef95d7068f3e
HEAVY,1080,True,4cb4a432673cf424eaa0fc3efa08892bb8856f5128daa8090fdd27d09271ebed
HEAVY,1081,True,6a1fe93d3a24957190cbb2a3461fc0cc228803143603e6edfaedff6d79504a4b
HEAVY,1082,True,403e69090d1cbaaba5c0983263d72c7a7c87f25eda1b66f8e5a5198a3a7975a9
HEAVY,1083,True,7ea1ddb0e104570ef6122dd2535b8887ff0a7f1199555866ac483630fbbec98a
HEAVY,1084,True,e7c1b65ce78dbf43f0c83e4a5e984ba695bd3b8ca26a75f8b33edce6e1ebdf0f
HEAVY,1085,True,d8220e1ed4177328b2ab7e359278ce9a6f3b7dc880b139bdeff230f66960c6e1
HEAVY,1086,True,789f954baa6030fca0d7211854adff9fb54e9d4fa0a347ca8d8aefae4c406539
HEAVY,1087,True,a6e2ae332fcee6d983ce654c37201575e963b8d8eb787e5c5186f33792e271dc
HEAVY,1088,True,3b7ce73bbe42e2ecbb87fb056cec4f825dc288e70d4082b1e5699bf1b500b8a2
