load_id,normalized_load,evidence_source,endpoint,policy,n,mean,sd,median,p05,p95,ci95_low,ci95_high
OFF,0,FROZEN_PRODUCTION_CONTEXT,aoi_p95_ms,FIFO,88,389.2137290019744,83.0682926622639,379.05346565831275,272.8381875876599,561.7414592945132,,
OFF,0,FROZEN_PRODUCTION_CONTEXT,aoi_p95_ms,STATUS_PRIORITY_NON_DROPPING,88,389.2137290019744,83.0682926622639,379.05346565831275,272.8381875876599,561.7414592945132,,
OFF,0,FROZEN_PRODUCTION_CONTEXT,aoi_p95_ms,POLICY_MINUS_FIFO,88,0.0,0.0,0.0,0.0,0.0,0.0,0.0
OFF,0,FROZEN_PRODUCTION_CONTEXT,aoi_mean_ms,FIFO,88,163.0547824243958,10.910029141759608,163.01215942236735,146.93649074388026,181.60687011452515,,
OFF,0,FROZEN_PRODUCTION_CONTEXT,aoi_mean_ms,STATUS_PRIORITY_NON_DROPPING,88,163.0547824243958,10.910029141759608,163.01215942236735,146.93649074388026,181.60687011452515,,
OFF,0,FROZEN_PRODUCTION_CONTEXT,aoi_mean_ms,POLICY_MINUS_FIFO,88,0.0,0.0,0.0,0.0,0.0,0.0,0.0
OFF,0,FROZEN_PRODUCTION_CONTEXT,status_wait_p95_ms,FIFO,88,111.2068012337661,66.00678282130313,97.00571357142853,28.82957071428566,221.22649928571423,,
OFF,0,FROZEN_PRODUCTION_CONTEXT,status_wait_p95_ms,STATUS_PRIORITY_NON_DROPPING,88,111.2068012337661,66.00678282130313,97.00571357142853,28.82957071428566,221.22649928571423,,
OFF,0,FROZEN_PRODUCTION_CONTEXT,status_wait_p95_ms,POLICY_MINUS_FIFO,88,0.0,0.0,0.0,0.0,0.0,0.0,0.0
OFF,0,FROZEN_PRODUCTION_CONTEXT,status_residence_p95_ms,FIFO,88,171.47378175324658,67.15631593685458,156.30642785714286,84.60121357142849,286.70642785714244,,
OFF,0,FROZEN_PRODUCTION_CONTEXT,status_residence_p95_ms,STATUS_PRIORITY_NON_DROPPING,88,171.47378175324658,67.15631593685458,156.30642785714286,84.60121357142849,286.70642785714244,,
OFF,0,FROZEN_PRODUCTION_CONTEXT,status_residence_p95_ms,POLICY_MINUS_FIFO,88,0.0,0.0,0.0,0.0,0.0,0.0,0.0
OFF,0,FROZEN_PRODUCTION_CONTEXT,service_duration_p95_ms,FIFO,88,57.08249999999995,9.15364522924479,57.274285714285696,42.93864285714282,71.36785714285712,,
OFF,0,FROZEN_PRODUCTION_CONTEXT,service_duration_p95_ms,STATUS_PRIORITY_NON_DROPPING,88,57.08249999999995,9.15364522924479,57.274285714285696,42.93864285714282,71.36785714285712,,
OFF,0,FROZEN_PRODUCTION_CONTEXT,service_duration_p95_ms,POLICY_MINUS_FIFO,88,0.0,0.0,0.0,0.0,0.0,0.0,0.0
OFF,0,FROZEN_PRODUCTION_CONTEXT,fully_served_to_rx_p95_ms,FIFO,88,21.77204588181818,0.38224895135260617,21.715165,21.715013,21.715621,,
OFF,0,FROZEN_PRODUCTION_CONTEXT,fully_served_to_rx_p95_ms,STATUS_PRIORITY_NON_DROPPING,88,21.77204588181818,0.38224895135260617,21.715165,21.715013,21.715621,,
OFF,0,FROZEN_PRODUCTION_CONTEXT,fully_served_to_rx_p95_ms,POLICY_MINUS_FIFO,88,0.0,0.0,0.0,0.0,0.0,0.0,0.0
OFF,0,FROZEN_PRODUCTION_CONTEXT,delivery_age_p95_ms,FIFO,88,209.4947530863634,76.12377253642376,196.74762731428558,106.6191167394285,331.2482513559997,,
OFF,0,FROZEN_PRODUCTION_CONTEXT,delivery_age_p95_ms,STATUS_PRIORITY_NON_DROPPING,88,209.4947530863634,76.12377253642376,196.74762731428558,106.6191167394285,331.2482513559997,,
OFF,0,FROZEN_PRODUCTION_CONTEXT,delivery_age_p95_ms,POLICY_MINUS_FIFO,88,0.0,0.0,0.0,0.0,0.0,0.0,0.0
OFF,0,FROZEN_PRODUCTION_CONTEXT,useful_gap_p95_ms,FIFO,88,266.28567647818176,11.36557319774479,266.22060766857135,249.8762689074285,284.6970216485713,,
OFF,0,FROZEN_PRODUCTION_CONTEXT,useful_gap_p95_ms,STATUS_PRIORITY_NON_DROPPING,88,266.28567647818176,11.36557319774479,266.22060766857135,249.8762689074285,284.6970216485713,,
OFF,0,FROZEN_PRODUCTION_CONTEXT,useful_gap_p95_ms,POLICY_MINUS_FIFO,88,0.0,0.0,0.0,0.0,0.0,0.0,0.0
OFF,0,FROZEN_PRODUCTION_CONTEXT,qbar_bytes,FIFO,88,28.284307604830015,7.909800884797476,27.9254325658,17.128381512889185,42.07360359115204,,
OFF,0,FROZEN_PRODUCTION_CONTEXT,qbar_bytes,STATUS_PRIORITY_NON_DROPPING,88,28.284307604830015,7.909800884797476,27.9254325658,17.128381512889185,42.07360359115204,,
OFF,0,FROZEN_PRODUCTION_CONTEXT,qbar_bytes,POLICY_MINUS_FIFO,88,0.0,0.0,0.0,0.0,0.0,0.0,0.0
OFF,0,FROZEN_PRODUCTION_CONTEXT,hbar_ms,FIFO,88,20.991952542918067,9.578128599732597,19.719178559740996,8.541302337140795,38.354754509438806,,
OFF,0,FROZEN_PRODUCTION_CONTEXT,hbar_ms,STATUS_PRIORITY_NON_DROPPING,88,20.991952542918067,9.578128599732597,19.719178559740996,8.541302337140795,38.354754509438806,,
OFF,0,FROZEN_PRODUCTION_CONTEXT,hbar_ms,POLICY_MINUS_FIFO,88,0.0,0.0,0.0,0.0,0.0,0.0,0.0
OFF,0,FROZEN_PRODUCTION_CONTEXT,backlog_occupancy,FIFO,88,0.12211211646666666,0.01236120339556423,0.12065934546462585,0.10515089060340135,0.14403452627190474,,
OFF,0,FROZEN_PRODUCTION_CONTEXT,backlog_occupancy,STATUS_PRIORITY_NON_DROPPING,88,0.12211211646666666,0.01236120339556423,0.12065934546462585,0.10515089060340135,0.14403452627190474,,
OFF,0,FROZEN_PRODUCTION_CONTEXT,backlog_occupancy,POLICY_MINUS_FIFO,88,0.0,0.0,0.0,0.0,0.0,0.0,0.0
OFF,0,FROZEN_PRODUCTION_CONTEXT,contention_count,FIFO,88,0.0,0.0,0.0,0.0,0.0,,
OFF,0,FROZEN_PRODUCTION_CONTEXT,contention_count,STATUS_PRIORITY_NON_DROPPING,88,0.0,0.0,0.0,0.0,0.0,,
OFF,0,FROZEN_PRODUCTION_CONTEXT,contention_count,POLICY_MINUS_FIFO,88,0.0,0.0,0.0,0.0,0.0,0.0,0.0
OFF,0,FROZEN_PRODUCTION_CONTEXT,select_priority_count,FIFO,88,0.0,0.0,0.0,0.0,0.0,,
OFF,0,FROZEN_PRODUCTION_CONTEXT,select_priority_count,STATUS_PRIORITY_NON_DROPPING,88,20783.465909090908,20.322089710424393,20786.5,20755.35,20812.3,,
OFF,0,FROZEN_PRODUCTION_CONTEXT,select_priority_count,POLICY_MINUS_FIFO,88,20783.465909090908,20.322089710424393,20786.5,20755.35,20812.3,20779.16006970648,20787.771748475338
OFF,0,FROZEN_PRODUCTION_CONTEXT,select_fifo_count,FIFO,88,20783.465909090908,20.322089710424393,20786.5,20755.35,20812.3,,
OFF,0,FROZEN_PRODUCTION_CONTEXT,select_fifo_count,STATUS_PRIORITY_NON_DROPPING,88,0.0,0.0,0.0,0.0,0.0,,
OFF,0,FROZEN_PRODUCTION_CONTEXT,select_fifo_count,POLICY_MINUS_FIFO,88,-20783.465909090908,20.322089710424393,-20786.5,-20812.3,-20755.35,-20787.771748475338,-20779.16006970648
OFF,0,FROZEN_PRODUCTION_CONTEXT,continue_partial_count,FIFO,88,45842.71590909091,3656.5794359261836,45719.5,40270.0,51705.4,,
OFF,0,FROZEN_PRODUCTION_CONTEXT,continue_partial_count,STATUS_PRIORITY_NON_DROPPING,88,45842.71590909091,3656.5794359261836,45719.5,40270.0,51705.4,,
OFF,0,FROZEN_PRODUCTION_CONTEXT,continue_partial_count,POLICY_MINUS_FIFO,88,0.0,0.0,0.0,0.0,0.0,0.0,0.0
OFF,0,FROZEN_PRODUCTION_CONTEXT,bg_pdr,FIFO,88,0.0,0.0,0.0,0.0,0.0,,
OFF,0,FROZEN_PRODUCTION_CONTEXT,bg_pdr,STATUS_PRIORITY_NON_DROPPING,88,0.0,0.0,0.0,0.0,0.0,,
OFF,0,FROZEN_PRODUCTION_CONTEXT,bg_pdr,POLICY_MINUS_FIFO,88,0.0,0.0,0.0,0.0,0.0,0.0,0.0
OFF,0,FROZEN_PRODUCTION_CONTEXT,bg_mean_delay_ms,FIFO,88,0.0,0.0,0.0,0.0,0.0,,
OFF,0,FROZEN_PRODUCTION_CONTEXT,bg_mean_delay_ms,STATUS_PRIORITY_NON_DROPPING,88,0.0,0.0,0.0,0.0,0.0,,
OFF,0,FROZEN_PRODUCTION_CONTEXT,bg_mean_delay_ms,POLICY_MINUS_FIFO,88,0.0,0.0,0.0,0.0,0.0,0.0,0.0
OFF,0,FROZEN_PRODUCTION_CONTEXT,bg_p95_delay_ms,FIFO,88,0.0,0.0,0.0,0.0,0.0,,
OFF,0,FROZEN_PRODUCTION_CONTEXT,bg_p95_delay_ms,STATUS_PRIORITY_NON_DROPPING,88,0.0,0.0,0.0,0.0,0.0,,
OFF,0,FROZEN_PRODUCTION_CONTEXT,bg_p95_delay_ms,POLICY_MINUS_FIFO,88,0.0,0.0,0.0,0.0,0.0,0.0,0.0
OFF,0,FROZEN_PRODUCTION_CONTEXT,bg_p99_delay_ms,FIFO,0,nan,0,nan,nan,nan,,
OFF,0,FROZEN_PRODUCTION_CONTEXT,bg_p99_delay_ms,STATUS_PRIORITY_NON_DROPPING,0,nan,0,nan,nan,nan,,
OFF,0,FROZEN_PRODUCTION_CONTEXT,bg_p99_delay_ms,POLICY_MINUS_FIFO,0,nan,0,nan,nan,nan,nan,nan
OFF,0,FROZEN_PRODUCTION_CONTEXT,bg_worst_ue_p95_ms,FIFO,0,nan,0,nan,nan,nan,,
OFF,0,FROZEN_PRODUCTION_CONTEXT,bg_worst_ue_p95_ms,STATUS_PRIORITY_NON_DROPPING,0,nan,0,nan,nan,nan,,
OFF,0,FROZEN_PRODUCTION_CONTEXT,bg_worst_ue_p95_ms,POLICY_MINUS_FIFO,0,nan,0,nan,nan,nan,nan,nan
OFF,0,FROZEN_PRODUCTION_CONTEXT,bg_worst_ue_p99_ms,FIFO,0,nan,0,nan,nan,nan,,
OFF,0,FROZEN_PRODUCTION_CONTEXT,bg_worst_ue_p99_ms,STATUS_PRIORITY_NON_DROPPING,0,nan,0,nan,nan,nan,,
OFF,0,FROZEN_PRODUCTION_CONTEXT,bg_worst_ue_p99_ms,POLICY_MINUS_FIFO,0,nan,0,nan,nan,nan,nan,nan
OFF,0,FROZEN_PRODUCTION_CONTEXT,a_plus_s2,FIFO,88,0.2346689597387382,0.08128003257948008,0.21764006000360833,0.14788066553889212,0.40822240484618405,,
OFF,0,FROZEN_PRODUCTION_CONTEXT,a_plus_s2,STATUS_PRIORITY_NON_DROPPING,88,0.2346689597387382,0.08128003257948008,0.21764006000360833,0.14788066553889212,0.40822240484618405,,
OFF,0,FROZEN_PRODUCTION_CONTEXT,a_plus_s2,POLICY_MINUS_FIFO,88,0.0,0.0,0.0,0.0,0.0,0.0,0.0
OFF,0,FROZEN_PRODUCTION_CONTEXT,post_ho_fresh_ms,FIFO,88,216.6471479350649,23.132303797575528,211.72915214285712,188.0962977142857,253.84768893714283,,
OFF,0,FROZEN_PRODUCTION_CONTEXT,post_ho_fresh_ms,STATUS_PRIORITY_NON_DROPPING,88,216.6471479350649,23.132303797575528,211.72915214285712,188.0962977142857,253.84768893714283,,
OFF,0,FROZEN_PRODUCTION_CONTEXT,post_ho_fresh_ms,POLICY_MINUS_FIFO,88,0.0,0.0,0.0,0.0,0.0,0.0,0.0
I80,0.25,NEW_PHASE9,aoi_p95_ms,FIFO,20,591.3944825389337,209.64507032766772,539.1103641097773,379.71253572174845,997.0985851368671,,
I80,0.25,NEW_PHASE9,aoi_p95_ms,STATUS_PRIORITY_NON_DROPPING,20,290.8212851670338,37.712395830316595,296.5178083345198,253.56841959501642,358.09280187937657,,
I80,0.25,NEW_PHASE9,aoi_p95_ms,POLICY_MINUS_FIFO,20,-300.5731973718999,188.09552079928156,-221.2137946195104,-686.6189517064558,-103.79033709800412,-388.604610871848,-212.54178387195174
I80,0.25,NEW_PHASE9,aoi_mean_ms,FIFO,20,190.33511626256868,31.68860527016784,179.63511443989114,159.60911968063127,237.6384507806912,,
I80,0.25,NEW_PHASE9,aoi_mean_ms,STATUS_PRIORITY_NON_DROPPING,20,148.56737163950476,6.2376550416981225,147.597860532517,141.882490928283,158.047800493366,,
I80,0.25,NEW_PHASE9,aoi_mean_ms,POLICY_MINUS_FIFO,20,-41.76774462306395,26.578672101569662,-30.871045584979598,-83.38377038308573,-17.30056163959726,-54.206946067683106,-29.328543178444793
I80,0.25,NEW_PHASE9,status_wait_p95_ms,FIFO,20,238.10242785714263,144.89385441664572,233.12857071428562,62.94014214285707,457.68314214285675,,
I80,0.25,NEW_PHASE9,status_wait_p95_ms,STATUS_PRIORITY_NON_DROPPING,20,45.605142142857105,14.672807963502912,42.58214214285711,29.819499285714212,69.12878499999995,,
I80,0.25,NEW_PHASE9,status_wait_p95_ms,POLICY_MINUS_FIFO,20,-192.4972857142855,131.7115955174359,-183.1485714285714,-396.33078571428524,-29.016642857142813,-254.1402098969735,-130.85436153159753
I80,0.25,NEW_PHASE9,status_residence_p95_ms,FIFO,20,258.2172849999997,146.49518807778725,252.80285642857126,81.58899928571417,485.2724278571422,,
I80,0.25,NEW_PHASE9,status_residence_p95_ms,STATUS_PRIORITY_NON_DROPPING,20,72.95599928571424,19.133584015892904,67.33857071428564,52.619856428571396,105.40257071428562,,
I80,0.25,NEW_PHASE9,status_residence_p95_ms,POLICY_MINUS_FIFO,20,-185.26128571428552,128.9232330620798,-178.78928571428565,-392.32435714285646,-25.918285714285645,-245.599216097801,-124.92335533077006
I80,0.25,NEW_PHASE9,service_duration_p95_ms,FIFO,20,24.543071428571416,3.631774303537696,24.96999999999999,19.906999999999993,29.26149999999999,,
I80,0.25,NEW_PHASE9,service_duration_p95_ms,STATUS_PRIORITY_NON_DROPPING,20,28.439785714285694,5.295396989364735,27.460714285714268,22.41157142857141,35.053714285714264,,
I80,0.25,NEW_PHASE9,service_duration_p95_ms,POLICY_MINUS_FIFO,20,3.896714285714282,2.091077721300637,3.2642857142857107,1.30728571428571,7.157499999999992,2.918059787392763,4.875368784035801
I80,0.25,NEW_PHASE9,fully_served_to_rx_p95_ms,FIFO,20,25.764987139999995,2.3499822856750607,26.714785,21.71570688,28.714709,,
I80,0.25,NEW_PHASE9,fully_served_to_rx_p95_ms,STATUS_PRIORITY_NON_DROPPING,20,25.364995439999998,2.411850471218968,26.214785,21.715663359999997,27.764709,,
I80,0.25,NEW_PHASE9,fully_served_to_rx_p95_ms,POLICY_MINUS_FIFO,20,-0.3999917,0.5982154493374456,-0.00012919999999994047,-1.0501676799999997,1.5200000001058913e-05,-0.6799651483782727,-0.1200182516217273
I80,0.25,NEW_PHASE9,delivery_age_p95_ms,FIFO,20,323.049198209714,170.15821497612865,295.8683830171426,114.54470693599986,616.7403158142852,,
I80,0.25,NEW_PHASE9,delivery_age_p95_ms,STATUS_PRIORITY_NON_DROPPING,20,98.83649336971422,20.645972425763595,92.7170594628571,77.60819176857137,134.0804532274285,,
I80,0.25,NEW_PHASE9,delivery_age_p95_ms,POLICY_MINUS_FIFO,20,-224.2127048399998,151.50133110664237,-198.75493921714258,-494.9501318417137,-33.47986041085703,-295.11751037587055,-153.30789930412902
I80,0.25,NEW_PHASE9,useful_gap_p95_ms,FIFO,20,250.85006942285708,12.9769013039228,248.4664330571428,236.0209313365714,271.1068006697142,,
I80,0.25,NEW_PHASE9,useful_gap_p95_ms,STATUS_PRIORITY_NON_DROPPING,20,248.3216486057142,11.557672745906526,246.50861611428567,235.0621607931428,265.5747848805713,,
I80,0.25,NEW_PHASE9,useful_gap_p95_ms,POLICY_MINUS_FIFO,20,-2.5284208171428544,2.220968189927239,-2.826405160000064,-6.161917946857142,0.7381754548571184,-3.567865926026399,-1.48897570825931
I80,0.25,NEW_PHASE9,qbar_bytes,FIFO,20,265.05665048664565,93.41275649365768,247.85936296144286,165.19982212954702,434.17045964925734,,
I80,0.25,NEW_PHASE9,qbar_bytes,STATUS_PRIORITY_NON_DROPPING,20,269.89968658791923,97.17978160902355,250.53670556619116,163.97365225995898,425.9900018516113,,
I80,0.25,NEW_PHASE9,qbar_bytes,POLICY_MINUS_FIFO,20,4.843036101273595,10.9749218511191,2.6773426047483184,-4.385729968487031,21.025689610544905,-0.29338543338089895,9.979457635928089
I80,0.25,NEW_PHASE9,hbar_ms,FIFO,20,57.84478135054387,31.147696283238243,48.3842060905625,27.892850625035774,104.69567121817106,,
I80,0.25,NEW_PHASE9,hbar_ms,STATUS_PRIORITY_NON_DROPPING,20,49.77891954826525,26.029461225202652,41.03648242418657,23.370594328895745,86.0735296353664,,
I80,0.25,NEW_PHASE9,hbar_ms,POLICY_MINUS_FIFO,20,-8.065861802278619,8.323268336030138,-6.015703389085948,-26.052954025740416,3.281292078987483,-11.961271291279557,-4.17045231327768
I80,0.25,NEW_PHASE9,backlog_occupancy,FIFO,20,0.36170168626741495,0.03077278526566296,0.3572582313761905,0.32618156548183674,0.4053259237415646,,
I80,0.25,NEW_PHASE9,backlog_occupancy,STATUS_PRIORITY_NON_DROPPING,20,0.3614778300958504,0.03067939211167617,0.35800633634081636,0.3262674129104762,0.4054174680340136,,
I80,0.25,NEW_PHASE9,backlog_occupancy,POLICY_MINUS_FIFO,20,-0.000223856171564632,0.0006816318931187272,-0.00021730806870745578,-0.0010940029161224496,0.0009517376148299089,-0.0005428697173572457,9.515737422798178e-05
I80,0.25,NEW_PHASE9,contention_count,FIFO,20,65112.5,12974.699479330817,60051.0,50911.3,85223.2,,
I80,0.25,NEW_PHASE9,contention_count,STATUS_PRIORITY_NON_DROPPING,20,50947.6,6819.803704537328,49827.5,43335.7,60471.85,,
I80,0.25,NEW_PHASE9,contention_count,POLICY_MINUS_FIFO,20,-14164.9,6511.380643474203,-12865.0,-23290.45,-6246.499999999999,-17212.31994623524,-11117.48005376476
I80,0.25,NEW_PHASE9,select_priority_count,FIFO,20,0.0,0.0,0.0,0.0,0.0,,
I80,0.25,NEW_PHASE9,select_priority_count,STATUS_PRIORITY_NON_DROPPING,20,20754.5,41.208711393791994,20767.5,20703.55,20796.05,,
I80,0.25,NEW_PHASE9,select_priority_count,POLICY_MINUS_FIFO,20,20754.5,41.208711393791994,20767.5,20703.55,20796.05,20735.21372940147,20773.78627059853
I80,0.25,NEW_PHASE9,select_fifo_count,FIFO,20,72406.0,251.6375840056698,72455.5,71932.9,72670.35,,
I80,0.25,NEW_PHASE9,select_fifo_count,STATUS_PRIORITY_NON_DROPPING,20,51672.5,211.6244190466736,51707.5,51276.5,51875.45,,
I80,0.25,NEW_PHASE9,select_fifo_count,POLICY_MINUS_FIFO,20,-20733.5,49.08907049542967,-20749.0,-20781.8,-20653.15,-20756.47439218514,-20710.52560781486
I80,0.25,NEW_PHASE9,continue_partial_count,FIFO,20,331015.25,30667.259071104,328895.5,293171.3,372790.25,,
I80,0.25,NEW_PHASE9,continue_partial_count,STATUS_PRIORITY_NON_DROPPING,20,331048.05,30859.539065144152,327960.0,292994.9,373058.85,,
I80,0.25,NEW_PHASE9,continue_partial_count,POLICY_MINUS_FIFO,20,32.8,729.1714548213718,96.0,-1184.55,1187.25,-308.46274553999973,374.06274553999975
I80,0.25,NEW_PHASE9,bg_pdr,FIFO,20,0.9787966000000001,0.004749593538288022,0.979186,0.97089945,0.98471075,,
I80,0.25,NEW_PHASE9,bg_pdr,STATUS_PRIORITY_NON_DROPPING,20,0.9784920500000001,0.00497679367797762,0.9783485000000001,0.96956505,0.9847028,,
I80,0.25,NEW_PHASE9,bg_pdr,POLICY_MINUS_FIFO,20,-0.00030455000000001453,0.0008127363445727436,-9.750000000002812e-05,-0.0017476499999999674,0.00045400000000005527,-0.000684922317806919,7.582231780688998e-05
I80,0.25,NEW_PHASE9,bg_mean_delay_ms,FIFO,20,74.68719000000002,17.208005351882626,73.7655,52.638915000000004,103.32585000000002,,
I80,0.25,NEW_PHASE9,bg_mean_delay_ms,STATUS_PRIORITY_NON_DROPPING,20,80.42442499999999,20.605967823421167,79.32685000000001,52.891425000000005,109.10485,,
I80,0.25,NEW_PHASE9,bg_mean_delay_ms,POLICY_MINUS_FIFO,20,5.737235,4.401029834897497,5.112549999999999,0.8988900000000026,14.380744999999996,3.677489634585908,7.796980365414092
I80,0.25,NEW_PHASE9,bg_p95_delay_ms,FIFO,20,149.65,44.020659025651035,125.5,110.6,212.10000000000002,,
I80,0.25,NEW_PHASE9,bg_p95_delay_ms,STATUS_PRIORITY_NON_DROPPING,20,150.8,45.887276071512005,126.0,109.6,237.15,,
I80,0.25,NEW_PHASE9,bg_p95_delay_ms,POLICY_MINUS_FIFO,20,1.15,8.362038280857504,0.0,-6.449999999999999,11.950000000000014,-2.763554381712711,5.063554381712711
I80,0.25,NEW_PHASE9,bg_p99_delay_ms,FIFO,20,801.8520601442287,312.4250278273122,699.5362405577139,370.36517066068586,1311.8189785933714,,
I80,0.25,NEW_PHASE9,bg_p99_delay_ms,STATUS_PRIORITY_NON_DROPPING,20,920.0265224389707,390.8089675920538,791.1626431417139,411.13036717302856,1470.3898453465135,,
I80,0.25,NEW_PHASE9,bg_p99_delay_ms,POLICY_MINUS_FIFO,20,118.1744622947418,94.05417104763804,121.31683089714221,18.34182539177105,236.34970376400025,74.1557552691511,162.19316932033252
I80,0.25,NEW_PHASE9,bg_worst_ue_p95_ms,FIFO,20,2122.8694895199997,988.5813170413439,2191.929433400004,620.6869259999999,3352.049442280001,,
I80,0.25,NEW_PHASE9,bg_worst_ue_p95_ms,STATUS_PRIORITY_NON_DROPPING,20,2722.7944821199926,1407.1573836861703,3247.2295019999983,699.486940799996,4475.889440799998,,
I80,0.25,NEW_PHASE9,bg_worst_ue_p95_ms,POLICY_MINUS_FIFO,20,599.9249925999932,550.5324942767505,509.2748859999798,-194.37752886000132,1513.9849718799958,342.26785412644597,857.5821310735404
I80,0.25,NEW_PHASE9,bg_worst_ue_p99_ms,FIFO,20,6638.509621560001,2750.5266558244084,5705.044544399998,3516.6119263999994,10814.296455600002,,
I80,0.25,NEW_PHASE9,bg_worst_ue_p99_ms,STATUS_PRIORITY_NON_DROPPING,20,7615.975131715981,3137.6575739428868,7061.029568079997,3660.844693139996,14048.304123603746,,
I80,0.25,NEW_PHASE9,bg_worst_ue_p99_ms,POLICY_MINUS_FIFO,20,977.4655101559825,1069.2841059659518,880.7949452399748,-438.2417738560006,2181.851177452,477.0251441056995,1477.9058762062655
I80,0.25,NEW_PHASE9,a_plus_s2,FIFO,20,0.29497238382742447,0.11761255915375356,0.2832867109246727,0.17425414464034378,0.47017675837977213,,
I80,0.25,NEW_PHASE9,a_plus_s2,STATUS_PRIORITY_NON_DROPPING,20,0.16542210999379708,0.03639345777182988,0.16069244451140857,0.12422809078232244,0.23152619958640824,,
I80,0.25,NEW_PHASE9,a_plus_s2,POLICY_MINUS_FIFO,20,-0.12955027383362744,0.08849004067235579,-0.1031279467678656,-0.2800715056272278,-0.04761136722096449,-0.17096488768489537,-0.0881356599823595
I80,0.25,NEW_PHASE9,post_ho_fresh_ms,FIFO,20,210.58415665142857,20.66223223388758,204.05058122857145,183.8992131142857,240.9998564342857,,
I80,0.25,NEW_PHASE9,post_ho_fresh_ms,STATUS_PRIORITY_NON_DROPPING,20,202.88344171428568,17.889463311737117,201.1792094,178.8099603142857,230.35838414285715,,
I80,0.25,NEW_PHASE9,post_ho_fresh_ms,POLICY_MINUS_FIFO,20,-7.700714937142854,10.489406274600475,-5.464295828571423,-31.14713129714285,5.160023125714301,-12.609908187489687,-2.7915216867960213
I40,0.5,NEW_PHASE9,aoi_p95_ms,FIFO,20,833.0838304297001,310.6068180897036,747.4931371168968,451.9079891843618,1320.9604866936281,,
I40,0.5,NEW_PHASE9,aoi_p95_ms,STATUS_PRIORITY_NON_DROPPING,20,280.83168497574724,27.20432983577367,274.89387431007424,251.98808076263703,325.1666113853537,,
I40,0.5,NEW_PHASE9,aoi_p95_ms,POLICY_MINUS_FIFO,20,-552.252145453953,290.2878226193025,-478.79176987484846,-988.5028965441236,-196.28081016029648,-688.1110284215533,-416.3932624863526
I40,0.5,NEW_PHASE9,aoi_mean_ms,FIFO,20,232.53205190594286,55.3538082708653,214.16699265572788,171.2097441873034,318.5081567459048,,
I40,0.5,NEW_PHASE9,aoi_mean_ms,STATUS_PRIORITY_NON_DROPPING,20,148.31260393278367,5.579894398262891,147.29997675961903,142.67218500547483,157.43150992298774,,
I40,0.5,NEW_PHASE9,aoi_mean_ms,POLICY_MINUS_FIFO,20,-84.21944797315918,50.34746811102017,-69.66269547624489,-164.46597890906125,-28.243629036859843,-107.78278837128735,-60.656107575030994
I40,0.5,NEW_PHASE9,status_wait_p95_ms,FIFO,20,423.88714214285676,242.8467582781986,409.47714214285656,116.93757071428516,767.473856428571,,
I40,0.5,NEW_PHASE9,status_wait_p95_ms,STATUS_PRIORITY_NON_DROPPING,20,36.03657071428567,10.073567345026268,33.26285642857138,24.54742785714284,50.288784999999955,,
I40,0.5,NEW_PHASE9,status_wait_p95_ms,POLICY_MINUS_FIFO,20,-387.85057142857113,233.3564215520334,-373.25785714285666,-720.9877857142852,-90.11964285714231,-497.064738524217,-278.6364043329253
I40,0.5,NEW_PHASE9,status_residence_p95_ms,FIFO,20,441.066213571428,245.79674924251952,427.12214214285643,130.6323564285711,799.1941421428564,,
I40,0.5,NEW_PHASE9,status_residence_p95_ms,STATUS_PRIORITY_NON_DROPPING,20,56.98485642857137,13.998903750236229,53.540713571428526,42.796213571428545,75.76778499999993,,
I40,0.5,NEW_PHASE9,status_residence_p95_ms,POLICY_MINUS_FIFO,20,-384.08135714285675,232.27627633744464,-370.94357142857075,-726.3794999999991,-87.83614285714255,-492.79000071714813,-275.37271356856536
I40,0.5,NEW_PHASE9,service_duration_p95_ms,FIFO,20,20.3487857142857,2.9248916281667348,19.967142857142846,17.481214285714273,24.474571428571412,,
I40,0.5,NEW_PHASE9,service_duration_p95_ms,STATUS_PRIORITY_NON_DROPPING,20,23.05599999999999,4.289374316852652,21.754285714285693,18.228785714285717,28.860071428571406,,
I40,0.5,NEW_PHASE9,service_duration_p95_ms,POLICY_MINUS_FIFO,20,2.707214285714284,1.617199278685759,2.555714285714288,0.7335714285714431,4.798071428571413,1.9503417253850974,3.46408684604347
I40,0.5,NEW_PHASE9,fully_served_to_rx_p95_ms,FIFO,20,28.46480272,0.7163390542192988,28.714709,27.61471432,28.714881,,
I40,0.5,NEW_PHASE9,fully_served_to_rx_p95_ms,STATUS_PRIORITY_NON_DROPPING,20,28.364754600000005,0.7451608973919236,28.714709,27.614708999999998,28.714861,,
I40,0.5,NEW_PHASE9,fully_served_to_rx_p95_ms,POLICY_MINUS_FIFO,20,-0.10004811999999993,0.3077510751214939,0.0,-0.9998556000000001,0.0,-0.24408005671998012,0.04398381671998025
I40,0.5,NEW_PHASE9,delivery_age_p95_ms,FIFO,20,518.3212819782854,269.7363248619859,495.9199484971426,197.0467750337139,967.847900962285,,
I40,0.5,NEW_PHASE9,delivery_age_p95_ms,STATUS_PRIORITY_NON_DROPPING,20,83.44785278914283,14.220107341423258,79.74568193142854,68.75235454228569,103.49136217828566,,
I40,0.5,NEW_PHASE9,delivery_age_p95_ms,POLICY_MINUS_FIFO,20,-434.87342918914254,256.1686004291543,-414.2393006571426,-865.5141226977137,-128.2944204914282,-554.7640246390264,-314.9828337392587
I40,0.5,NEW_PHASE9,useful_gap_p95_ms,FIFO,20,258.3226302839999,16.56365420045183,252.94004383428563,237.99418595599994,284.38449057657135,,
I40,0.5,NEW_PHASE9,useful_gap_p95_ms,STATUS_PRIORITY_NON_DROPPING,20,247.97634273999992,11.74557090303703,246.57361122857134,232.98740978628567,265.27524547428567,,
I40,0.5,NEW_PHASE9,useful_gap_p95_ms,POLICY_MINUS_FIFO,20,-10.346287543999992,5.427281977202108,-9.114389165714286,-17.62925032228572,-4.1420208051428755,-12.88633369653825,-7.806241391461734
I40,0.5,NEW_PHASE9,qbar_bytes,FIFO,20,581.533693528557,233.01162887274836,531.3411355154224,316.44645764920205,943.5802547960924,,
I40,0.5,NEW_PHASE9,qbar_bytes,STATUS_PRIORITY_NON_DROPPING,20,583.2816848912373,234.42717361192672,529.8432687773538,316.5016483916824,949.0132082065977,,
I40,0.5,NEW_PHASE9,qbar_bytes,POLICY_MINUS_FIFO,20,1.747991362680287,6.385996153477453,0.3449312627598431,-5.459127795895415,12.482989939533164,-1.2407468359063079,4.736729561266882
I40,0.5,NEW_PHASE9,hbar_ms,FIFO,20,100.95191803138223,54.90945987803843,83.58180274339723,39.279727280534125,186.8282303619268,,
I40,0.5,NEW_PHASE9,hbar_ms,STATUS_PRIORITY_NON_DROPPING,20,90.33036281617781,49.161308091215105,73.86868830015862,36.25738288196447,160.74592220718165,,
I40,0.5,NEW_PHASE9,hbar_ms,POLICY_MINUS_FIFO,20,-10.621555215204445,8.534985216769476,-9.484193911747198,-25.71652669021339,-2.936347482286165,-14.616051254454351,-6.627059175954539
I40,0.5,NEW_PHASE9,backlog_occupancy,FIFO,20,0.552872056112585,0.035837038032885786,0.5451678861054421,0.5119466404702722,0.5993495304114965,,
I40,0.5,NEW_PHASE9,backlog_occupancy,STATUS_PRIORITY_NON_DROPPING,20,0.5527577771993196,0.03598750893798058,0.5452474779571428,0.5110436006061905,0.5989249220478232,,
I40,0.5,NEW_PHASE9,backlog_occupancy,POLICY_MINUS_FIFO,20,-0.00011427891326530326,0.0005397460439227888,-6.788144149660891e-05,-0.0009674402548300486,0.0008816997063264887,-0.000366887837580048,0.00013833001104944146
I40,0.5,NEW_PHASE9,contention_count,FIFO,20,123923.9,26287.515413615125,116498.0,94618.0,165599.3,,
I40,0.5,NEW_PHASE9,contention_count,STATUS_PRIORITY_NON_DROPPING,20,84933.35,8983.028356294997,84430.5,74544.8,97262.90000000001,,
I40,0.5,NEW_PHASE9,contention_count,POLICY_MINUS_FIFO,20,-38990.55,18127.52954537438,-35279.5,-68336.4,-17586.5,-47474.49497838289,-30506.605021617113
I40,0.5,NEW_PHASE9,select_priority_count,FIFO,20,0.0,0.0,0.0,0.0,0.0,,
I40,0.5,NEW_PHASE9,select_priority_count,STATUS_PRIORITY_NON_DROPPING,20,20689.8,71.14817747416117,20714.0,20582.8,20772.05,,
I40,0.5,NEW_PHASE9,select_priority_count,POLICY_MINUS_FIFO,20,20689.8,71.14817747416117,20714.0,20582.8,20772.05,20656.501627958067,20723.09837204193
I40,0.5,NEW_PHASE9,select_fifo_count,FIFO,20,122834.0,1069.6446532426207,123062.5,121253.3,124007.8,,
I40,0.5,NEW_PHASE9,select_fifo_count,STATUS_PRIORITY_NON_DROPPING,20,102181.9,999.2909012210398,102423.0,100701.2,103269.65,,
I40,0.5,NEW_PHASE9,select_fifo_count,POLICY_MINUS_FIFO,20,-20652.1,83.72630851077876,-20675.5,-20742.3,-20496.4,-20691.28511857176,-20612.914881428238
I40,0.5,NEW_PHASE9,continue_partial_count,FIFO,20,604750.75,49990.29996843598,602598.5,537918.95,669531.95,,
I40,0.5,NEW_PHASE9,continue_partial_count,STATUS_PRIORITY_NON_DROPPING,20,604619.85,50269.93247854395,601848.5,537550.65,668510.0,,
I40,0.5,NEW_PHASE9,continue_partial_count,POLICY_MINUS_FIFO,20,-130.9,818.3047238361952,-215.0,-1143.15,1358.4000000000003,-513.8783995221014,252.07839952210142
I40,0.5,NEW_PHASE9,bg_pdr,FIFO,20,0.96562815,0.011021349780145611,0.9690989999999999,0.9491515,0.9787022500000001,,
I40,0.5,NEW_PHASE9,bg_pdr,STATUS_PRIORITY_NON_DROPPING,20,0.9652898000000001,0.011170316183622792,0.968773,0.9490923,0.9783404,,
I40,0.5,NEW_PHASE9,bg_pdr,POLICY_MINUS_FIFO,20,-0.00033834999999998727,0.0006516180084584598,-0.0003375000000000461,-0.0013616500000000254,0.0005197000000000236,-0.0006433166153817103,-3.3383384618264214e-05
I40,0.5,NEW_PHASE9,bg_mean_delay_ms,FIFO,20,84.86734500000001,24.997550047817317,77.03535,56.479475,124.91555000000001,,
I40,0.5,NEW_PHASE9,bg_mean_delay_ms,STATUS_PRIORITY_NON_DROPPING,20,89.68916499999999,27.83772833210118,81.2712,57.492155,133.47920000000002,,
I40,0.5,NEW_PHASE9,bg_mean_delay_ms,POLICY_MINUS_FIFO,20,4.821819999999998,3.009908596374039,4.9874499999999955,1.2605249999999946,10.27365000000001,3.4131394151645953,6.230500584835401
I40,0.5,NEW_PHASE9,bg_p95_delay_ms,FIFO,20,209.65,164.9428210336125,131.0,92.6,495.4000000000001,,
I40,0.5,NEW_PHASE9,bg_p95_delay_ms,STATUS_PRIORITY_NON_DROPPING,20,216.3,172.90584599413452,132.0,92.6,529.5500000000001,,
I40,0.5,NEW_PHASE9,bg_p95_delay_ms,POLICY_MINUS_FIFO,20,6.65,18.877095561608655,1.0,-6.699999999999999,40.65000000000002,-2.1847526724748825,15.484752672474883
I40,0.5,NEW_PHASE9,bg_p99_delay_ms,FIFO,20,950.7518788741709,356.4913904251321,885.0482703257151,500.5124382742842,1543.002793058742,,
I40,0.5,NEW_PHASE9,bg_p99_delay_ms,STATUS_PRIORITY_NON_DROPPING,20,1108.7866600551995,454.2116932773705,983.0559237119999,547.684168213257,1926.820699673482,,
I40,0.5,NEW_PHASE9,bg_p99_delay_ms,POLICY_MINUS_FIFO,20,158.03478118102876,108.66264809271709,136.0688727519995,46.829150176227984,391.5847506538261,107.17909644382013,208.8904659182374
I40,0.5,NEW_PHASE9,bg_worst_ue_p95_ms,FIFO,20,1794.4271545599986,629.5162987421155,1743.2294259999992,873.6520088799999,2582.196925999999,,
I40,0.5,NEW_PHASE9,bg_worst_ue_p95_ms,STATUS_PRIORITY_NON_DROPPING,20,2045.1071690599983,825.5001742746081,1988.5546776,896.109434279999,3050.654782799999,,
I40,0.5,NEW_PHASE9,bg_worst_ue_p95_ms,POLICY_MINUS_FIFO,20,250.68001450000006,280.51266488540256,263.52502960000265,-159.53251406000024,664.6753122800029,119.39604617599952,381.9639828240006
I40,0.5,NEW_PHASE9,bg_worst_ue_p99_ms,FIFO,20,4919.743197591992,1410.873852430843,4626.20955464,2967.181929723944,6905.371925999936,,
I40,0.5,NEW_PHASE9,bg_worst_ue_p99_ms,STATUS_PRIORITY_NON_DROPPING,20,6531.306529599997,2600.9744308470217,5927.9894926,3751.4682072000005,11046.073996835998,,
I40,0.5,NEW_PHASE9,bg_worst_ue_p99_ms,POLICY_MINUS_FIFO,20,1611.5633320080055,1410.1171404002987,1028.6749896399988,389.83651479999935,4373.537559587995,951.6081956897499,2271.5184683262614
I40,0.5,NEW_PHASE9,a_plus_s2,FIFO,20,0.43438469073712566,0.18634177261241014,0.37924638529182203,0.19941387986824072,0.773726038336129,,
I40,0.5,NEW_PHASE9,a_plus_s2,STATUS_PRIORITY_NON_DROPPING,20,0.1575006579556249,0.03404945557113738,0.15594108402722895,0.1167907977264595,0.22353568583553515,,
I40,0.5,NEW_PHASE9,a_plus_s2,POLICY_MINUS_FIFO,20,-0.2768840327815007,0.1647392328318095,-0.23914491151514491,-0.5509249601107354,-0.07048011871920322,-0.35398436703431213,-0.19978369852868924
I40,0.5,NEW_PHASE9,post_ho_fresh_ms,FIFO,20,218.00492642857142,23.8197671298608,211.92202385714285,190.09993773142858,262.6649286057143,,
I40,0.5,NEW_PHASE9,post_ho_fresh_ms,STATUS_PRIORITY_NON_DROPPING,20,202.66849443428572,15.853116277768805,199.65784277142856,180.37491592,226.31489905714284,,
I40,0.5,NEW_PHASE9,post_ho_fresh_ms,POLICY_MINUS_FIFO,20,-15.336431994285721,12.355703368493103,-12.371479257142852,-37.22646143428576,0.25568338285715836,-21.11907917106354,-9.553784817507903
I30,0.6666666666666666,NEW_PHASE9,aoi_p95_ms,FIFO,20,1020.6656148272607,388.9666372541996,885.7214101187922,514.0989900193068,1673.98868258341,,
I30,0.6666666666666666,NEW_PHASE9,aoi_p95_ms,STATUS_PRIORITY_NON_DROPPING,20,289.07200070528427,30.52350236535941,286.6196140002355,253.80353677379227,331.0279887090472,,
I30,0.6666666666666666,NEW_PHASE9,aoi_p95_ms,POLICY_MINUS_FIFO,20,-731.5936141219765,365.37590326144937,-614.9299791056067,-1320.817094039397,-268.23047800862986,-902.5948005736667,-560.5924276702864
I30,0.6666666666666666,NEW_PHASE9,aoi_mean_ms,FIFO,20,268.8470206888816,73.48481082993901,246.62938312810883,183.58924374649797,390.6143307516082,,
I30,0.6666666666666666,NEW_PHASE9,aoi_mean_ms,STATUS_PRIORITY_NON_DROPPING,20,150.29042655912377,6.526339746721714,150.48604976359184,143.07553131570066,160.0419869874068,,
I30,0.6666666666666666,NEW_PHASE9,aoi_mean_ms,POLICY_MINUS_FIFO,20,-118.55659412975781,67.77526115065157,-100.44880044435371,-232.60981148675916,-40.51371243079729,-150.27639274094713,-86.83679551856851
I30,0.6666666666666666,NEW_PHASE9,status_wait_p95_ms,FIFO,20,535.5446421428567,295.3128630105349,501.24357071428557,200.90964214285708,1027.793213571427,,
I30,0.6666666666666666,NEW_PHASE9,status_wait_p95_ms,STATUS_PRIORITY_NON_DROPPING,20,37.951927857142834,9.345468378913248,35.66142785714284,27.692499285714266,51.48457071428569,,
I30,0.6666666666666666,NEW_PHASE9,status_wait_p95_ms,POLICY_MINUS_FIFO,20,-497.5927142857139,286.3519399939945,-466.90714285714273,-976.4375714285699,-170.85028571428566,-631.6095474830515,-363.57588108837626
I30,0.6666666666666666,NEW_PHASE9,status_residence_p95_ms,FIFO,20,548.670356428571,296.82785295663035,515.9742849999998,211.51399928571414,1048.2892849999987,,
I30,0.6666666666666666,NEW_PHASE9,status_residence_p95_ms,STATUS_PRIORITY_NON_DROPPING,20,56.83035642857139,13.965201903486951,53.391427857142844,42.31121357142854,80.14642785714281,,
I30,0.6666666666666666,NEW_PHASE9,status_residence_p95_ms,POLICY_MINUS_FIFO,20,-491.8399999999995,283.2123301558553,-463.59642857142836,-968.1428571428559,-168.06278571428555,-624.387450562837,-359.29254943716205
I30,0.6666666666666666,NEW_PHASE9,service_duration_p95_ms,FIFO,20,18.999428571428563,2.8559588674614265,18.72071428571428,16.139499999999995,23.154142857142848,,
I30,0.6666666666666666,NEW_PHASE9,service_duration_p95_ms,STATUS_PRIORITY_NON_DROPPING,20,22.390785714285705,4.208089556735695,21.082857142857137,17.950214285714278,29.24021428571426,,
I30,0.6666666666666666,NEW_PHASE9,service_duration_p95_ms,POLICY_MINUS_FIFO,20,3.3913571428571387,1.6080498009051798,3.1978571428571296,1.5664285714285673,6.718499999999986,2.6387666699396473,4.14394761577463
I30,0.6666666666666666,NEW_PHASE9,fully_served_to_rx_p95_ms,FIFO,20,29.214980179999998,1.732036030432236,28.714709,27.6658458,32.76475972,,
I30,0.6666666666666666,NEW_PHASE9,fully_served_to_rx_p95_ms,STATUS_PRIORITY_NON_DROPPING,20,28.914896199999998,1.2397339532872451,28.714709,27.664709,31.765241,,
I30,0.6666666666666666,NEW_PHASE9,fully_served_to_rx_p95_ms,POLICY_MINUS_FIFO,20,-0.30008398,0.923047659317397,0.0,-1.1508912799999955,6.399999999828856e-06,-0.7320835822884528,0.13191562228845294
I30,0.6666666666666666,NEW_PHASE9,delivery_age_p95_ms,FIFO,20,642.2572739097136,327.99090885828025,598.6142258171424,263.4066418799998,1196.3524068782845,,
I30,0.6666666666666666,NEW_PHASE9,delivery_age_p95_ms,STATUS_PRIORITY_NON_DROPPING,20,88.47712689199996,14.329406746057154,84.22063529142852,73.73520829028568,114.55670350628564,,
I30,0.6666666666666666,NEW_PHASE9,delivery_age_p95_ms,POLICY_MINUS_FIFO,20,-553.7801470177137,314.27468540921046,-511.94929473142815,-1081.7957033719988,-189.6714335897141,-700.8652273336188,-406.69506670180857
I30,0.6666666666666666,NEW_PHASE9,useful_gap_p95_ms,FIFO,20,272.8798676725713,20.231031748043836,268.4299952342857,246.5734517125714,306.81381441142855,,
I30,0.6666666666666666,NEW_PHASE9,useful_gap_p95_ms,STATUS_PRIORITY_NON_DROPPING,20,259.81900567371423,15.679136622233141,256.02704262285704,241.35916807771423,284.30141588571416,,
I30,0.6666666666666666,NEW_PHASE9,useful_gap_p95_ms,POLICY_MINUS_FIFO,20,-13.060861998857144,5.56793527850406,-14.51357161142856,-20.55171879999994,-5.014155173714305,-15.666735922702395,-10.454988075011892
I30,0.6666666666666666,NEW_PHASE9,qbar_bytes,FIFO,20,829.376809926146,330.6120781709232,762.7739226532265,450.8122726843135,1355.3657853676812,,
I30,0.6666666666666666,NEW_PHASE9,qbar_bytes,STATUS_PRIORITY_NON_DROPPING,20,831.862300694041,332.54255360657027,761.4434330989782,458.88974442819534,1362.5140304961415,,
I30,0.6666666666666666,NEW_PHASE9,qbar_bytes,POLICY_MINUS_FIFO,20,2.485490767894805,7.971069209065292,4.963119226382219,-8.157946625288508,13.410846533825135,-1.2450844557902223,6.216065991579832
I30,0.6666666666666666,NEW_PHASE9,hbar_ms,FIFO,20,133.55601650094607,71.52715481188416,112.62824707798285,49.76044597432017,252.11823430008468,,
I30,0.6666666666666666,NEW_PHASE9,hbar_ms,STATUS_PRIORITY_NON_DROPPING,20,122.6390572392165,65.38574699559835,101.41945027014789,49.71290693874258,214.64869538427425,,
I30,0.6666666666666666,NEW_PHASE9,hbar_ms,POLICY_MINUS_FIFO,20,-10.916959261729597,9.95183839836722,-8.175358290337115,-31.68074045324262,0.22852336437983162,-15.574563001619786,-6.2593555218394075
I30,0.6666666666666666,NEW_PHASE9,backlog_occupancy,FIFO,20,0.6658479184559865,0.034513544927560695,0.6605489706265306,0.6264859101704762,0.7122629366119048,,
I30,0.6666666666666666,NEW_PHASE9,backlog_occupancy,STATUS_PRIORITY_NON_DROPPING,20,0.665935461710136,0.034452179658969316,0.660543761685034,0.6265016837387075,0.7121523518803401,,
I30,0.6666666666666666,NEW_PHASE9,backlog_occupancy,POLICY_MINUS_FIFO,20,8.754325414968011e-05,0.0003651317598719336,7.746356258503395e-05,-0.00036002724462581566,0.0007005248126530139,-8.334366967850675e-05,0.00025843017797786696
I30,0.6666666666666666,NEW_PHASE9,contention_count,FIFO,20,178296.85,42008.08928399512,163930.0,130042.95,246541.65,,
I30,0.6666666666666666,NEW_PHASE9,contention_count,STATUS_PRIORITY_NON_DROPPING,20,96367.25,11486.692052224242,95184.0,82770.75,110892.0,,
I30,0.6666666666666666,NEW_PHASE9,contention_count,POLICY_MINUS_FIFO,20,-81929.6,31641.17971451627,-70466.5,-134563.35,-41630.149999999994,-96738.12793962649,-67121.07206037352
I30,0.6666666666666666,NEW_PHASE9,select_priority_count,FIFO,20,0.0,0.0,0.0,0.0,0.0,,
I30,0.6666666666666666,NEW_PHASE9,select_priority_count,STATUS_PRIORITY_NON_DROPPING,20,20587.2,125.0122520311299,20624.5,20397.6,20723.95,,
I30,0.6666666666666666,NEW_PHASE9,select_priority_count,POLICY_MINUS_FIFO,20,20587.2,125.0122520311299,20624.5,20397.6,20723.95,20528.692465081847,20645.707534918154
I30,0.6666666666666666,NEW_PHASE9,select_fifo_count,FIFO,20,155332.7,2163.9993943962572,155647.0,151916.55,157916.25,,
I30,0.6666666666666666,NEW_PHASE9,select_fifo_count,STATUS_PRIORITY_NON_DROPPING,20,134798.05,2035.0037753747472,135115.0,131783.15,137212.35,,
I30,0.6666666666666666,NEW_PHASE9,select_fifo_count,POLICY_MINUS_FIFO,20,-20534.65,152.8746562590274,-20574.5,-20706.7,-20284.55,-20606.19754149176,-20463.10245850824
I30,0.6666666666666666,NEW_PHASE9,continue_partial_count,FIFO,20,771040.65,58644.15478771767,767367.0,689113.85,841148.45,,
I30,0.6666666666666666,NEW_PHASE9,continue_partial_count,STATUS_PRIORITY_NON_DROPPING,20,771039.3,58643.87382022188,766987.0,688803.55,839740.3,,
I30,0.6666666666666666,NEW_PHASE9,continue_partial_count,POLICY_MINUS_FIFO,20,-1.35,928.7091366656817,41.5,-1588.5,1147.3500000000001,-435.99925524855337,433.2992552485533
I30,0.6666666666666666,NEW_PHASE9,bg_pdr,FIFO,20,0.9522974,0.016870365245476734,0.9577629999999999,0.9254254,0.97068035,,
I30,0.6666666666666666,NEW_PHASE9,bg_pdr,STATUS_PRIORITY_NON_DROPPING,20,0.95197965,0.016932652365598568,0.957098,0.9261374499999999,0.97068075,,
I30,0.6666666666666666,NEW_PHASE9,bg_pdr,POLICY_MINUS_FIFO,20,-0.00031775,0.0007118576051430464,-0.00024050000000003235,-0.0016385499999999665,0.0007151499999999594,-0.0006509096144615353,1.5409614461535338e-05
I30,0.6666666666666666,NEW_PHASE9,bg_mean_delay_ms,FIFO,20,91.62163500000001,27.898155049681673,84.1526,58.779135000000004,136.67020000000002,,
I30,0.6666666666666666,NEW_PHASE9,bg_mean_delay_ms,STATUS_PRIORITY_NON_DROPPING,20,96.62427,30.63731989767931,88.07745,59.777405,145.38989999999998,,
I30,0.6666666666666666,NEW_PHASE9,bg_mean_delay_ms,POLICY_MINUS_FIFO,20,5.002634999999998,2.822503735725464,4.3581999999999965,1.5305299999999986,9.231749999999998,3.6816625897641355,6.32360741023586
I30,0.6666666666666666,NEW_PHASE9,bg_p95_delay_ms,FIFO,20,297.2,251.03461702993954,154.0,102.5,739.95,,
I30,0.6666666666666666,NEW_PHASE9,bg_p95_delay_ms,STATUS_PRIORITY_NON_DROPPING,20,315.15,277.30398957025295,158.5,103.45,797.6500000000001,,
I30,0.6666666666666666,NEW_PHASE9,bg_p95_delay_ms,POLICY_MINUS_FIFO,20,17.95,28.42807174533466,3.5,-1.4499999999999993,72.45,4.645252879039813,31.254747120960186
I30,0.6666666666666666,NEW_PHASE9,bg_p99_delay_ms,FIFO,20,1040.2250231547428,352.413156157629,931.7204600342853,579.4646710825155,1600.9656899937124,,
I30,0.6666666666666666,NEW_PHASE9,bg_p99_delay_ms,STATUS_PRIORITY_NON_DROPPING,20,1192.1680399009133,444.129279810414,1082.676644561142,601.8785479293712,1959.8061901653707,,
I30,0.6666666666666666,NEW_PHASE9,bg_p99_delay_ms,POLICY_MINUS_FIFO,20,151.94301674617083,104.89259603872364,132.5054631680007,21.297653965712932,363.80540798719915,102.85177068283994,201.0342628095017
I30,0.6666666666666666,NEW_PHASE9,bg_worst_ue_p95_ms,FIFO,20,1800.1720720399994,578.7247399417864,1786.554425999999,1072.704841879999,2591.2694385799996,,
I30,0.6666666666666666,NEW_PHASE9,bg_worst_ue_p95_ms,STATUS_PRIORITY_NON_DROPPING,20,2010.474617659999,699.4215532856916,1936.1544407999972,1103.8747071999999,3013.342122839999,,
I30,0.6666666666666666,NEW_PHASE9,bg_worst_ue_p95_ms,POLICY_MINUS_FIFO,20,210.30254561999988,158.32629960909418,183.2497921999999,-18.025002959999796,432.2026687199998,136.2035565022426,284.4015347377572
I30,0.6666666666666666,NEW_PHASE9,bg_worst_ue_p99_ms,FIFO,20,4505.249563216005,1157.5440860465565,4439.8794259999995,3102.702440799999,6378.806186036,,
I30,0.6666666666666666,NEW_PHASE9,bg_worst_ue_p99_ms,STATUS_PRIORITY_NON_DROPPING,20,5852.011526859989,2421.8543440390845,5222.064498519989,3466.4666666479966,10260.844932555981,,
I30,0.6666666666666666,NEW_PHASE9,bg_worst_ue_p99_ms,POLICY_MINUS_FIFO,20,1346.7619636439838,1512.1604233469159,1100.9550000000131,117.73270108000065,3746.201807791983,639.0491008376439,2054.4748264503237
I30,0.6666666666666666,NEW_PHASE9,a_plus_s2,FIFO,20,0.5642921698150534,0.216782609617641,0.49603443576328715,0.3105339922753033,0.9389132459687605,,
I30,0.6666666666666666,NEW_PHASE9,a_plus_s2,STATUS_PRIORITY_NON_DROPPING,20,0.16613133748150383,0.039154402406344706,0.15787143065817968,0.11579821966226975,0.2249959175223309,,
I30,0.6666666666666666,NEW_PHASE9,a_plus_s2,POLICY_MINUS_FIFO,20,-0.39816083233354943,0.19275271906816774,-0.3137932221316475,-0.756725322132752,-0.1726884809832036,-0.48837188171646506,-0.3079497829506338
I30,0.6666666666666666,NEW_PHASE9,post_ho_fresh_ms,FIFO,20,236.73711473142856,26.209294988285983,240.5364007142857,198.81136846285713,282.5264342228572,,
I30,0.6666666666666666,NEW_PHASE9,post_ho_fresh_ms,STATUS_PRIORITY_NON_DROPPING,20,203.4278371085714,15.8706864132836,201.7007211142857,185.60928384571426,228.99711174857143,,
I30,0.6666666666666666,NEW_PHASE9,post_ho_fresh_ms,POLICY_MINUS_FIFO,20,-33.30927762285714,17.71266697729797,-30.56426028571427,-60.40005850285712,-11.097119691428562,-41.599060942733786,-25.019494302980494
HEAVY,1,FROZEN_PRODUCTION_CONTEXT,aoi_p95_ms,FIFO,88,1315.5913919874845,309.7113232097079,1313.1381266032286,850.9831939817598,1832.1849429640517,,
HEAVY,1,FROZEN_PRODUCTION_CONTEXT,aoi_p95_ms,STATUS_PRIORITY_NON_DROPPING,88,316.5878031476672,39.46039963328398,312.3739409259649,270.53680687432217,365.35791044300714,,
HEAVY,1,FROZEN_PRODUCTION_CONTEXT,aoi_p95_ms,POLICY_MINUS_FIFO,88,-999.0035888398174,286.9494782002667,-999.2891483081648,-1492.4343903947365,-572.6594649438861,-1059.8023739146718,-938.2048037649631
HEAVY,1,FROZEN_PRODUCTION_CONTEXT,aoi_mean_ms,FIFO,88,361.7344446182758,71.02887641615766,351.59318386182315,264.0770823242013,483.5291062918911,,
HEAVY,1,FROZEN_PRODUCTION_CONTEXT,aoi_mean_ms,STATUS_PRIORITY_NON_DROPPING,88,155.78433685486456,6.4818789802124,154.93389577719728,146.85200249528162,164.93289117502584,,
HEAVY,1,FROZEN_PRODUCTION_CONTEXT,aoi_mean_ms,POLICY_MINUS_FIFO,88,-205.95010776341124,65.9208384698657,-195.13492093491158,-321.31733709873197,-114.1792004035483,-219.91739885319106,-191.98281667363142
HEAVY,1,FROZEN_PRODUCTION_CONTEXT,status_wait_p95_ms,FIFO,88,840.7866226623372,235.95731004057671,795.8849992857138,490.5086421428569,1273.7191421428565,,
HEAVY,1,FROZEN_PRODUCTION_CONTEXT,status_wait_p95_ms,STATUS_PRIORITY_NON_DROPPING,88,33.46095707792205,6.579732971991788,32.67499928571425,23.64864214285713,44.68221357142852,,
HEAVY,1,FROZEN_PRODUCTION_CONTEXT,status_wait_p95_ms,POLICY_MINUS_FIFO,88,-807.3256655844151,229.95329241467792,-764.3771428571423,-1229.9365714285711,-464.25549999999987,-856.0481127917163,-758.6032183771139
HEAVY,1,FROZEN_PRODUCTION_CONTEXT,status_residence_p95_ms,FIFO,88,855.4907298051944,238.64632455281176,808.6285707142852,499.94042785714277,1293.8837135714275,,
HEAVY,1,FROZEN_PRODUCTION_CONTEXT,status_residence_p95_ms,STATUS_PRIORITY_NON_DROPPING,88,52.976655129870096,10.188909087689517,51.592142142857114,38.247999285714265,71.68778499999995,,
HEAVY,1,FROZEN_PRODUCTION_CONTEXT,status_residence_p95_ms,POLICY_MINUS_FIFO,88,-802.5140746753241,229.05314928084815,-758.6028571428565,-1221.1040714285712,-459.48600000000005,-851.045799776164,-753.9823495744841
HEAVY,1,FROZEN_PRODUCTION_CONTEXT,service_duration_p95_ms,FIFO,88,18.519870129870124,2.377760757095975,18.098571428571418,15.30028571428571,22.925857142857126,,
HEAVY,1,FROZEN_PRODUCTION_CONTEXT,service_duration_p95_ms,STATUS_PRIORITY_NON_DROPPING,88,22.42551948051947,3.4652705635928376,21.644999999999992,17.71728571428571,28.50907142857142,,
HEAVY,1,FROZEN_PRODUCTION_CONTEXT,service_duration_p95_ms,POLICY_MINUS_FIFO,88,3.9056493506493464,1.5012878498232056,3.49928571428571,1.9372142857142867,6.506000000000002,3.587556849177056,4.223741852121637
HEAVY,1,FROZEN_PRODUCTION_CONTEXT,fully_served_to_rx_p95_ms,FIFO,88,50.35122162272725,13.488252740892564,48.54136359999891,35.06566424,71.66635619999998,,
HEAVY,1,FROZEN_PRODUCTION_CONTEXT,fully_served_to_rx_p95_ms,STATUS_PRIORITY_NON_DROPPING,88,45.29415197727266,12.30930289412638,40.715808599999995,31.071619879999744,64.71634139999999,,
HEAVY,1,FROZEN_PRODUCTION_CONTEXT,fully_served_to_rx_p95_ms,POLICY_MINUS_FIFO,88,-5.057069645454586,3.9676049911496967,-4.473705600000363,-11.999689199999999,0.0,-5.897724818036829,-4.216414472872343
HEAVY,1,FROZEN_PRODUCTION_CONTEXT,delivery_age_p95_ms,FIFO,88,921.2838512220774,264.73744345625704,885.5115500171423,513.7560966079997,1396.0294829119987,,
HEAVY,1,FROZEN_PRODUCTION_CONTEXT,delivery_age_p95_ms,STATUS_PRIORITY_NON_DROPPING,88,97.29542286922073,10.100591841143176,95.99939330857137,82.42004629942853,114.74295154685707,,
HEAVY,1,FROZEN_PRODUCTION_CONTEXT,delivery_age_p95_ms,POLICY_MINUS_FIFO,88,-823.9884283528565,255.8944622137904,-788.1484320742852,-1280.461221286285,-434.5324779657143,-878.2072842558579,-769.7695724498552
HEAVY,1,FROZEN_PRODUCTION_CONTEXT,useful_gap_p95_ms,FIFO,88,298.09495087389604,16.341881571410575,296.68580612571424,273.59223203314275,327.058289498857,,
HEAVY,1,FROZEN_PRODUCTION_CONTEXT,useful_gap_p95_ms,STATUS_PRIORITY_NON_DROPPING,88,280.592249487922,13.761380711745048,279.2643278514285,256.5510624068571,303.4326611845713,,
HEAVY,1,FROZEN_PRODUCTION_CONTEXT,useful_gap_p95_ms,POLICY_MINUS_FIFO,88,-17.50270138597402,5.535834879295146,-17.49627695999996,-26.295179887999957,-9.020575349714335,-18.675632722692637,-16.329770049255405
HEAVY,1,FROZEN_PRODUCTION_CONTEXT,qbar_bytes,FIFO,88,1900.5474571819248,464.93976715512883,1838.8913259307155,1277.181553336809,2685.816669192394,,
HEAVY,1,FROZEN_PRODUCTION_CONTEXT,qbar_bytes,STATUS_PRIORITY_NON_DROPPING,88,1900.9489280054338,466.5658448340222,1839.686391820202,1255.3156282247107,2700.642601345868,,
HEAVY,1,FROZEN_PRODUCTION_CONTEXT,qbar_bytes,POLICY_MINUS_FIFO,88,0.4014708235091795,13.924513443605905,-0.42499571343307707,-22.691320229899542,23.95127424871681,-2.548851670330185,3.3517933173485437
HEAVY,1,FROZEN_PRODUCTION_CONTEXT,hbar_ms,FIFO,88,222.4686428929209,68.85075069977529,211.61451880964614,126.94786712404674,342.24072256376587,,
HEAVY,1,FROZEN_PRODUCTION_CONTEXT,hbar_ms,STATUS_PRIORITY_NON_DROPPING,88,207.7948127214208,64.39536202859246,199.58353085505433,118.82341127574558,324.0580769339556,,
HEAVY,1,FROZEN_PRODUCTION_CONTEXT,hbar_ms,POLICY_MINUS_FIFO,88,-14.673830171500128,9.264145373336,-13.656016392038808,-32.080095102621094,-3.058558289482029,-16.63671502143375,-12.710945321566506
HEAVY,1,FROZEN_PRODUCTION_CONTEXT,backlog_occupancy,FIFO,88,0.8084156399811998,0.02241047062133525,0.8055631085700681,0.7733342180617686,0.8431382659210204,,
HEAVY,1,FROZEN_PRODUCTION_CONTEXT,backlog_occupancy,STATUS_PRIORITY_NON_DROPPING,88,0.8083525440753092,0.022417852736983438,0.8056444985530611,0.773316402677551,0.8430938402431972,,
HEAVY,1,FROZEN_PRODUCTION_CONTEXT,backlog_occupancy,POLICY_MINUS_FIFO,88,-6.309590589052838e-05,0.00032653414204581236,-7.431490544218544e-05,-0.0005609281280951506,0.0006120846155782839,-0.0001322818798339612,6.090068052904448e-06
HEAVY,1,FROZEN_PRODUCTION_CONTEXT,contention_count,FIFO,88,381917.1590909091,74467.36907599754,366094.0,264112.8,511578.44999999995,,
HEAVY,1,FROZEN_PRODUCTION_CONTEXT,contention_count,STATUS_PRIORITY_NON_DROPPING,88,106185.42045454546,9243.604567261553,104998.5,91158.9,121497.45,,
HEAVY,1,FROZEN_PRODUCTION_CONTEXT,contention_count,POLICY_MINUS_FIFO,88,-275731.73863636365,65526.30833866748,-260385.5,-389976.35,-174138.00000000012,-289615.4367786925,-261848.0404940348
HEAVY,1,FROZEN_PRODUCTION_CONTEXT,select_priority_count,FIFO,88,0.0,0.0,0.0,0.0,0.0,,
HEAVY,1,FROZEN_PRODUCTION_CONTEXT,select_priority_count,STATUS_PRIORITY_NON_DROPPING,88,20472.795454545456,115.13491926550246,20498.0,20270.6,20649.55,,
HEAVY,1,FROZEN_PRODUCTION_CONTEXT,select_priority_count,POLICY_MINUS_FIFO,88,20472.795454545456,115.13491926550246,20498.0,20270.6,20649.55,20448.400696085053,20497.19021300586
HEAVY,1,FROZEN_PRODUCTION_CONTEXT,select_fifo_count,FIFO,88,214849.48863636365,4246.625589385189,215203.5,207202.2,221096.19999999998,,
HEAVY,1,FROZEN_PRODUCTION_CONTEXT,select_fifo_count,STATUS_PRIORITY_NON_DROPPING,88,194448.0909090909,4126.1724871773595,194729.0,186966.0,200550.35,,
HEAVY,1,FROZEN_PRODUCTION_CONTEXT,select_fifo_count,POLICY_MINUS_FIFO,88,-20401.397727272728,150.49455176091215,-20415.0,-20661.15,-20135.4,-20433.28447599531,-20369.510978550145
HEAVY,1,FROZEN_PRODUCTION_CONTEXT,continue_partial_count,FIFO,88,1030066.7840909091,44285.566940355515,1034188.0,950650.75,1100261.35,,
HEAVY,1,FROZEN_PRODUCTION_CONTEXT,continue_partial_count,STATUS_PRIORITY_NON_DROPPING,88,1029931.0909090909,44219.391755835,1034678.0,952234.25,1099693.95,,
HEAVY,1,FROZEN_PRODUCTION_CONTEXT,continue_partial_count,POLICY_MINUS_FIFO,88,-135.6931818181818,1002.8047718911646,-129.0,-1865.0,1300.4499999999996,-348.1672109770631,76.7808473406995
HEAVY,1,FROZEN_PRODUCTION_CONTEXT,bg_pdr,FIFO,88,0.9085794318181816,0.02178595935949778,0.909799,0.8692753,0.94191485,,
HEAVY,1,FROZEN_PRODUCTION_CONTEXT,bg_pdr,STATUS_PRIORITY_NON_DROPPING,88,0.9082286022727272,0.0218635788541414,0.909562,0.86899895,0.9416785,,
HEAVY,1,FROZEN_PRODUCTION_CONTEXT,bg_pdr,POLICY_MINUS_FIFO,88,-0.0003508295454545472,0.0005992594130879385,-0.0003210000000000157,-0.001339800000000002,0.0007210999999999629,-0.00047780048294825074,-0.0002238586079608436
HEAVY,1,FROZEN_PRODUCTION_CONTEXT,bg_mean_delay_ms,FIFO,88,136.56302954545455,29.932072525572437,131.6115,95.55217,188.02899999999997,,
HEAVY,1,FROZEN_PRODUCTION_CONTEXT,bg_mean_delay_ms,STATUS_PRIORITY_NON_DROPPING,88,143.15170227272728,32.30707389947242,137.667,98.29611,199.61174999999997,,
HEAVY,1,FROZEN_PRODUCTION_CONTEXT,bg_mean_delay_ms,POLICY_MINUS_FIFO,88,6.588672727272728,2.6356035230553743,6.090000000000003,2.815710000000002,11.464400000000007,6.030241699114742,7.147103755430714
HEAVY,1,FROZEN_PRODUCTION_CONTEXT,bg_p95_delay_ms,FIFO,88,727.0681818181819,138.4887061625866,730.0,485.75,924.8499999999999,,
HEAVY,1,FROZEN_PRODUCTION_CONTEXT,bg_p95_delay_ms,STATUS_PRIORITY_NON_DROPPING,88,764.0113636363636,150.88044245481422,769.0,483.40000000000003,983.65,,
HEAVY,1,FROZEN_PRODUCTION_CONTEXT,bg_p95_delay_ms,POLICY_MINUS_FIFO,88,36.94318181818182,15.689778468173325,38.0,12.350000000000001,59.949999999999974,33.618835403818274,40.26752823254537
HEAVY,1,FROZEN_PRODUCTION_CONTEXT,bg_p99_delay_ms,FIFO,88,1142.7563039635322,230.4072300085547,1094.0256107531418,839.3516525293702,1558.6938289958848,,
HEAVY,1,FROZEN_PRODUCTION_CONTEXT,bg_p99_delay_ms,STATUS_PRIORITY_NON_DROPPING,88,1266.4218564693763,274.1795210275698,1211.7486981291424,894.6209649162283,1725.191358702058,,
HEAVY,1,FROZEN_PRODUCTION_CONTEXT,bg_p99_delay_ms,POLICY_MINUS_FIFO,88,123.66555250584419,54.04683530939355,119.99962695771461,54.59766253245723,229.94403017965348,112.21412229394282,135.11698271774554
HEAVY,1,FROZEN_PRODUCTION_CONTEXT,bg_worst_ue_p95_ms,FIFO,88,1607.4768130136356,451.4339779365361,1465.7545095999994,1090.77957992,2426.119431179999,,
HEAVY,1,FROZEN_PRODUCTION_CONTEXT,bg_worst_ue_p95_ms,STATUS_PRIORITY_NON_DROPPING,88,1759.8365400590899,547.4726931371229,1608.9799119999975,1180.9921795,2868.8994288599965,,
HEAVY,1,FROZEN_PRODUCTION_CONTEXT,bg_worst_ue_p95_ms,POLICY_MINUS_FIFO,88,152.3597270454543,134.28649560368876,110.52508319999902,31.244923980000603,446.905335219997,123.90713728689778,180.8123168040108
HEAVY,1,FROZEN_PRODUCTION_CONTEXT,bg_worst_ue_p99_ms,FIFO,88,3810.813518072726,1035.4352835928307,3739.599426000006,2313.5650358160024,5520.053683739969,,
HEAVY,1,FROZEN_PRODUCTION_CONTEXT,bg_worst_ue_p99_ms,STATUS_PRIORITY_NON_DROPPING,88,4618.437276431819,1446.9701264757132,4399.589982479987,2683.3462363559856,6783.370925999997,,
HEAVY,1,FROZEN_PRODUCTION_CONTEXT,bg_worst_ue_p99_ms,POLICY_MINUS_FIFO,88,807.6237583590929,539.3867783667318,660.1749117599791,151.07033468799705,1936.493963740075,693.3386200280536,921.9088966901322
HEAVY,1,FROZEN_PRODUCTION_CONTEXT,a_plus_s2,FIFO,88,0.7015243498695781,0.19156410870299775,0.6742757779885711,0.4452123574393636,1.0349546709106363,,
HEAVY,1,FROZEN_PRODUCTION_CONTEXT,a_plus_s2,STATUS_PRIORITY_NON_DROPPING,88,0.17465688194284032,0.0354266794776134,0.16943159453945986,0.11950369476036532,0.23809049329862939,,
HEAVY,1,FROZEN_PRODUCTION_CONTEXT,a_plus_s2,POLICY_MINUS_FIFO,88,-0.5268674679267378,0.17165982794115936,-0.508223161168259,-0.8077255618139615,-0.30317179905024955,-0.5632387101762082,-0.49049622567726736
HEAVY,1,FROZEN_PRODUCTION_CONTEXT,post_ho_fresh_ms,FIFO,88,279.25452698051953,44.05326293077086,274.5580040285714,217.2587667942857,348.98503421714275,,
HEAVY,1,FROZEN_PRODUCTION_CONTEXT,post_ho_fresh_ms,STATUS_PRIORITY_NON_DROPPING,88,206.60127554025973,15.413664147134432,205.9364915142857,186.23291596571428,235.64005923428567,,
HEAVY,1,FROZEN_PRODUCTION_CONTEXT,post_ho_fresh_ms,POLICY_MINUS_FIFO,88,-72.65325144025974,39.18302925465821,-65.1357314857143,-133.94994281142854,-17.659349228571422,-80.95534207021049,-64.35116081030898
