load,rng_run,aoi_p95_ns,aoi_mean_ns,delivery_age_p95_ns,useful_gap_p95_ns,delivery_age_mean_ns,status_residence_p95_ns,status_service_wait_mean_ns,hbar_ns,qbar_bytes,backlog_occupancy,status_fully_served_fraction,status_overflow_fraction,status_rlc_dispose_fraction,status_sim_end_censor_fraction,superseded_while_queued_fraction,supersession_depth_mean,queued_after_supersession_mean_ns,bytes_served_after_supersession_mean,bg_delivery_fraction,bg_goodput_mbps,bg_mean_delay_ms,bg_p95_delay_ms,bg_max_delay_ms,bg_service_wait_mean_ns,bg_residence_p95_ns,a_plus_mean_ns2,post_ho_first_fresh_mean_ns,backlog_exposed_ho_count,ok_ho_count,status_delivery_fraction,bg_overflow_fraction,backlog_exposed_ho_fraction
LOW,1001,0.0,0.0,0.0,0.0,0.0,0.0,0.0,0.0,0.0,0.0,0.0,0.0,0.0,0.0,0.0,0.0,0.0,0.0,0.0,0.0,0.0,0.0,0.0,nan,nan,0.0,0.0,0.0,0.0,0.0,nan,0.0
LOW,1002,0.0,0.0,0.0,0.0,0.0,0.0,0.0,0.0,0.0,0.0,0.0,0.0,0.0,0.0,0.0,0.0,0.0,0.0,0.0,0.0,0.0,0.0,0.0,nan,nan,0.0,0.0,0.0,0.0,0.0,nan,0.0
LOW,1003,0.0,0.0,0.0,0.0,0.0,0.0,0.0,0.0,0.0,0.0,0.0,0.0,0.0,0.0,0.0,0.0,0.0,0.0,0.0,0.0,0.0,0.0,0.0,nan,nan,0.0,0.0,0.0,0.0,0.0,nan,0.0
LOW,1004,0.0,0.0,0.0,0.0,0.0,0.0,0.0,0.0,0.0,0.0,0.0,0.0,0.0,0.0,0.0,0.0,0.0,0.0,0.0,0.0,0.0,0.0,0.0,nan,nan,0.0,0.0,0.0,0.0,0.0,nan,0.0
LOW,1005,0.0,0.0,0.0,0.0,0.0,0.0,0.0,0.0,0.0,0.0,0.0,0.0,0.0,0.0,0.0,0.0,0.0,0.0,0.0,0.0,0.0,0.0,0.0,nan,nan,0.0,0.0,0.0,0.0,0.0,nan,0.0
LOW,1006,0.0,0.0,0.0,0.0,0.0,0.0,0.0,0.0,0.0,0.0,0.0,0.0,0.0,0.0,0.0,0.0,0.0,0.0,0.0,0.0,0.0,0.0,0.0,nan,nan,0.0,0.0,0.0,0.0,0.0,nan,0.0
LOW,1007,0.0,0.0,0.0,0.0,0.0,0.0,0.0,0.0,0.0,0.0,0.0,0.0,0.0,0.0,0.0,0.0,0.0,0.0,0.0,0.0,0.0,0.0,0.0,nan,nan,0.0,0.0,0.0,0.0,0.0,nan,0.0
LOW,1008,0.0,0.0,0.0,0.0,0.0,0.0,0.0,0.0,0.0,0.0,0.0,0.0,0.0,0.0,0.0,0.0,0.0,0.0,0.0,0.0,0.0,0.0,0.0,nan,nan,0.0,0.0,0.0,0.0,0.0,nan,0.0
LOW,1009,0.0,0.0,0.0,0.0,0.0,0.0,0.0,0.0,0.0,0.0,0.0,0.0,0.0,0.0,0.0,0.0,0.0,0.0,0.0,0.0,0.0,0.0,0.0,nan,nan,0.0,0.0,0.0,0.0,0.0,nan,0.0
LOW,1010,0.0,0.0,0.0,0.0,0.0,0.0,0.0,0.0,0.0,0.0,0.0,0.0,0.0,0.0,0.0,0.0,0.0,0.0,0.0,0.0,0.0,0.0,0.0,nan,nan,0.0,0.0,0.0,0.0,0.0,nan,0.0
LOW,1011,0.0,0.0,0.0,0.0,0.0,0.0,0.0,0.0,0.0,0.0,0.0,0.0,0.0,0.0,0.0,0.0,0.0,0.0,0.0,0.0,0.0,0.0,0.0,nan,nan,0.0,0.0,0.0,0.0,0.0,nan,0.0
LOW,1012,0.0,0.0,0.0,0.0,0.0,0.0,0.0,0.0,0.0,0.0,0.0,0.0,0.0,0.0,0.0,0.0,0.0,0.0,0.0,0.0,0.0,0.0,0.0,nan,nan,0.0,0.0,0.0,0.0,0.0,nan,0.0
LOW,1013,0.0,0.0,0.0,0.0,0.0,0.0,0.0,0.0,0.0,0.0,0.0,0.0,0.0,0.0,0.0,0.0,0.0,0.0,0.0,0.0,0.0,0.0,0.0,nan,nan,0.0,0.0,0.0,0.0,0.0,nan,0.0
LOW,1014,0.0,0.0,0.0,0.0,0.0,0.0,0.0,0.0,0.0,0.0,0.0,0.0,0.0,0.0,0.0,0.0,0.0,0.0,0.0,0.0,0.0,0.0,0.0,nan,nan,0.0,0.0,0.0,0.0,0.0,nan,0.0
LOW,1015,0.0,0.0,0.0,0.0,0.0,0.0,0.0,0.0,0.0,0.0,0.0,0.0,0.0,0.0,0.0,0.0,0.0,0.0,0.0,0.0,0.0,0.0,0.0,nan,nan,0.0,0.0,0.0,0.0,0.0,nan,0.0
LOW,1016,0.0,0.0,0.0,0.0,0.0,0.0,0.0,0.0,0.0,0.0,0.0,0.0,0.0,0.0,0.0,0.0,0.0,0.0,0.0,0.0,0.0,0.0,0.0,nan,nan,0.0,0.0,0.0,0.0,0.0,nan,0.0
LOW,1017,0.0,0.0,0.0,0.0,0.0,0.0,0.0,0.0,0.0,0.0,0.0,0.0,0.0,0.0,0.0,0.0,0.0,0.0,0.0,0.0,0.0,0.0,0.0,nan,nan,0.0,0.0,0.0,0.0,0.0,nan,0.0
LOW,1018,0.0,0.0,0.0,0.0,0.0,0.0,0.0,0.0,0.0,0.0,0.0,0.0,0.0,0.0,0.0,0.0,0.0,0.0,0.0,0.0,0.0,0.0,0.0,nan,nan,0.0,0.0,0.0,0.0,0.0,nan,0.0
LOW,1019,0.0,0.0,0.0,0.0,0.0,0.0,0.0,0.0,0.0,0.0,0.0,0.0,0.0,0.0,0.0,0.0,0.0,0.0,0.0,0.0,0.0,0.0,0.0,nan,nan,0.0,0.0,0.0,0.0,0.0,nan,0.0
LOW,1020,0.0,0.0,0.0,0.0,0.0,0.0,0.0,0.0,0.0,0.0,0.0,0.0,0.0,0.0,0.0,0.0,0.0,0.0,0.0,0.0,0.0,0.0,0.0,nan,nan,0.0,0.0,0.0,0.0,0.0,nan,0.0
LOW,1021,0.0,0.0,0.0,0.0,0.0,0.0,0.0,0.0,0.0,0.0,0.0,0.0,0.0,0.0,0.0,0.0,0.0,0.0,0.0,0.0,0.0,0.0,0.0,nan,nan,0.0,0.0,0.0,0.0,0.0,nan,0.0
LOW,1022,0.0,0.0,0.0,0.0,0.0,0.0,0.0,0.0,0.0,0.0,0.0,0.0,0.0,0.0,0.0,0.0,0.0,0.0,0.0,0.0,0.0,0.0,0.0,nan,nan,0.0,0.0,0.0,0.0,0.0,nan,0.0
LOW,1023,0.0,0.0,0.0,0.0,0.0,0.0,0.0,0.0,0.0,0.0,0.0,0.0,0.0,0.0,0.0,0.0,0.0,0.0,0.0,0.0,0.0,0.0,0.0,nan,nan,0.0,0.0,0.0,0.0,0.0,nan,0.0
LOW,1024,0.0,0.0,0.0,0.0,0.0,0.0,0.0,0.0,0.0,0.0,0.0,0.0,0.0,0.0,0.0,0.0,0.0,0.0,0.0,0.0,0.0,0.0,0.0,nan,nan,0.0,0.0,0.0,0.0,0.0,nan,0.0
LOW,1025,0.0,0.0,0.0,0.0,0.0,0.0,0.0,0.0,0.0,0.0,0.0,0.0,0.0,0.0,0.0,0.0,0.0,0.0,0.0,0.0,0.0,0.0,0.0,nan,nan,0.0,0.0,0.0,0.0,0.0,nan,0.0
LOW,1026,0.0,0.0,0.0,0.0,0.0,0.0,0.0,0.0,0.0,0.0,0.0,0.0,0.0,0.0,0.0,0.0,0.0,0.0,0.0,0.0,0.0,0.0,0.0,nan,nan,0.0,0.0,0.0,0.0,0.0,nan,0.0
LOW,1027,0.0,0.0,0.0,0.0,0.0,0.0,0.0,0.0,0.0,0.0,0.0,0.0,0.0,0.0,0.0,0.0,0.0,0.0,0.0,0.0,0.0,0.0,0.0,nan,nan,0.0,0.0,0.0,0.0,0.0,nan,0.0
LOW,1028,0.0,0.0,0.0,0.0,0.0,0.0,0.0,0.0,0.0,0.0,0.0,0.0,0.0,0.0,0.0,0.0,0.0,0.0,0.0,0.0,0.0,0.0,0.0,nan,nan,0.0,0.0,0.0,0.0,0.0,nan,0.0
LOW,1029,0.0,0.0,0.0,0.0,0.0,0.0,0.0,0.0,0.0,0.0,0.0,0.0,0.0,0.0,0.0,0.0,0.0,0.0,0.0,0.0,0.0,0.0,0.0,nan,nan,0.0,0.0,0.0,0.0,0.0,nan,0.0
LOW,1030,0.0,0.0,0.0,0.0,0.0,0.0,0.0,0.0,0.0,0.0,0.0,0.0,0.0,0.0,0.0,0.0,0.0,0.0,0.0,0.0,0.0,0.0,0.0,nan,nan,0.0,0.0,0.0,0.0,0.0,nan,0.0
LOW,1031,0.0,0.0,0.0,0.0,0.0,0.0,0.0,0.0,0.0,0.0,0.0,0.0,0.0,0.0,0.0,0.0,0.0,0.0,0.0,0.0,0.0,0.0,0.0,nan,nan,0.0,0.0,0.0,0.0,0.0,nan,0.0
LOW,1032,0.0,0.0,0.0,0.0,0.0,0.0,0.0,0.0,0.0,0.0,0.0,0.0,0.0,0.0,0.0,0.0,0.0,0.0,0.0,0.0,0.0,0.0,0.0,nan,nan,0.0,0.0,0.0,0.0,0.0,nan,0.0
LOW,1033,0.0,0.0,0.0,0.0,0.0,0.0,0.0,0.0,0.0,0.0,0.0,0.0,0.0,0.0,0.0,0.0,0.0,0.0,0.0,0.0,0.0,0.0,0.0,nan,nan,0.0,0.0,0.0,0.0,0.0,nan,0.0
LOW,1034,0.0,0.0,0.0,0.0,0.0,0.0,0.0,0.0,0.0,0.0,0.0,0.0,0.0,0.0,0.0,0.0,0.0,0.0,0.0,0.0,0.0,0.0,0.0,nan,nan,0.0,0.0,0.0,0.0,0.0,nan,0.0
LOW,1035,0.0,0.0,0.0,0.0,0.0,0.0,0.0,0.0,0.0,0.0,0.0,0.0,0.0,0.0,0.0,0.0,0.0,0.0,0.0,0.0,0.0,0.0,0.0,nan,nan,0.0,0.0,0.0,0.0,0.0,nan,0.0
LOW,1036,0.0,0.0,0.0,0.0,0.0,0.0,0.0,0.0,0.0,0.0,0.0,0.0,0.0,0.0,0.0,0.0,0.0,0.0,0.0,0.0,0.0,0.0,0.0,nan,nan,0.0,0.0,0.0,0.0,0.0,nan,0.0
LOW,1037,0.0,0.0,0.0,0.0,0.0,0.0,0.0,0.0,0.0,0.0,0.0,0.0,0.0,0.0,0.0,0.0,0.0,0.0,0.0,0.0,0.0,0.0,0.0,nan,nan,0.0,0.0,0.0,0.0,0.0,nan,0.0
LOW,1038,0.0,0.0,0.0,0.0,0.0,0.0,0.0,0.0,0.0,0.0,0.0,0.0,0.0,0.0,0.0,0.0,0.0,0.0,0.0,0.0,0.0,0.0,0.0,nan,nan,0.0,0.0,0.0,0.0,0.0,nan,0.0
LOW,1039,0.0,0.0,0.0,0.0,0.0,0.0,0.0,0.0,0.0,0.0,0.0,0.0,0.0,0.0,0.0,0.0,0.0,0.0,0.0,0.0,0.0,0.0,0.0,nan,nan,0.0,0.0,0.0,0.0,0.0,nan,0.0
LOW,1040,0.0,0.0,0.0,0.0,0.0,0.0,0.0,0.0,0.0,0.0,0.0,0.0,0.0,0.0,0.0,0.0,0.0,0.0,0.0,0.0,0.0,0.0,0.0,nan,nan,0.0,0.0,0.0,0.0,0.0,nan,0.0
LOW,1041,0.0,0.0,0.0,0.0,0.0,0.0,0.0,0.0,0.0,0.0,0.0,0.0,0.0,0.0,0.0,0.0,0.0,0.0,0.0,0.0,0.0,0.0,0.0,nan,nan,0.0,0.0,0.0,0.0,0.0,nan,0.0
LOW,1042,0.0,0.0,0.0,0.0,0.0,0.0,0.0,0.0,0.0,0.0,0.0,0.0,0.0,0.0,0.0,0.0,0.0,0.0,0.0,0.0,0.0,0.0,0.0,nan,nan,0.0,0.0,0.0,0.0,0.0,nan,0.0
LOW,1043,0.0,0.0,0.0,0.0,0.0,0.0,0.0,0.0,0.0,0.0,0.0,0.0,0.0,0.0,0.0,0.0,0.0,0.0,0.0,0.0,0.0,0.0,0.0,nan,nan,0.0,0.0,0.0,0.0,0.0,nan,0.0
LOW,1044,0.0,0.0,0.0,0.0,0.0,0.0,0.0,0.0,0.0,0.0,0.0,0.0,0.0,0.0,0.0,0.0,0.0,0.0,0.0,0.0,0.0,0.0,0.0,nan,nan,0.0,0.0,0.0,0.0,0.0,nan,0.0
LOW,1045,0.0,0.0,0.0,0.0,0.0,0.0,0.0,0.0,0.0,0.0,0.0,0.0,0.0,0.0,0.0,0.0,0.0,0.0,0.0,0.0,0.0,0.0,0.0,nan,nan,0.0,0.0,0.0,0.0,0.0,nan,0.0
LOW,1046,0.0,0.0,0.0,0.0,0.0,0.0,0.0,0.0,0.0,0.0,0.0,0.0,0.0,0.0,0.0,0.0,0.0,0.0,0.0,0.0,0.0,0.0,0.0,nan,nan,0.0,0.0,0.0,0.0,0.0,nan,0.0
LOW,1047,0.0,0.0,0.0,0.0,0.0,0.0,0.0,0.0,0.0,0.0,0.0,0.0,0.0,0.0,0.0,0.0,0.0,0.0,0.0,0.0,0.0,0.0,0.0,nan,nan,0.0,0.0,0.0,0.0,0.0,nan,0.0
LOW,1048,0.0,0.0,0.0,0.0,0.0,0.0,0.0,0.0,0.0,0.0,0.0,0.0,0.0,0.0,0.0,0.0,0.0,0.0,0.0,0.0,0.0,0.0,0.0,nan,nan,0.0,0.0,0.0,0.0,0.0,nan,0.0
LOW,1049,0.0,0.0,0.0,0.0,0.0,0.0,0.0,0.0,0.0,0.0,0.0,0.0,0.0,0.0,0.0,0.0,0.0,0.0,0.0,0.0,0.0,0.0,0.0,nan,nan,0.0,0.0,0.0,0.0,0.0,nan,0.0
LOW,1050,0.0,0.0,0.0,0.0,0.0,0.0,0.0,0.0,0.0,0.0,0.0,0.0,0.0,0.0,0.0,0.0,0.0,0.0,0.0,0.0,0.0,0.0,0.0,nan,nan,0.0,0.0,0.0,0.0,0.0,nan,0.0
LOW,1051,0.0,0.0,0.0,0.0,0.0,0.0,0.0,0.0,0.0,0.0,0.0,0.0,0.0,0.0,0.0,0.0,0.0,0.0,0.0,0.0,0.0,0.0,0.0,nan,nan,0.0,0.0,0.0,0.0,0.0,nan,0.0
LOW,1052,0.0,0.0,0.0,0.0,0.0,0.0,0.0,0.0,0.0,0.0,0.0,0.0,0.0,0.0,0.0,0.0,0.0,0.0,0.0,0.0,0.0,0.0,0.0,nan,nan,0.0,0.0,0.0,0.0,0.0,nan,0.0
LOW,1053,0.0,0.0,0.0,0.0,0.0,0.0,0.0,0.0,0.0,0.0,0.0,0.0,0.0,0.0,0.0,0.0,0.0,0.0,0.0,0.0,0.0,0.0,0.0,nan,nan,0.0,0.0,0.0,0.0,0.0,nan,0.0
LOW,1054,0.0,0.0,0.0,0.0,0.0,0.0,0.0,0.0,0.0,0.0,0.0,0.0,0.0,0.0,0.0,0.0,0.0,0.0,0.0,0.0,0.0,0.0,0.0,nan,nan,0.0,0.0,0.0,0.0,0.0,nan,0.0
LOW,1055,0.0,0.0,0.0,0.0,0.0,0.0,0.0,0.0,0.0,0.0,0.0,0.0,0.0,0.0,0.0,0.0,0.0,0.0,0.0,0.0,0.0,0.0,0.0,nan,nan,0.0,0.0,0.0,0.0,0.0,nan,0.0
LOW,1056,0.0,0.0,0.0,0.0,0.0,0.0,0.0,0.0,0.0,0.0,0.0,0.0,0.0,0.0,0.0,0.0,0.0,0.0,0.0,0.0,0.0,0.0,0.0,nan,nan,0.0,0.0,0.0,0.0,0.0,nan,0.0
LOW,1057,0.0,0.0,0.0,0.0,0.0,0.0,0.0,0.0,0.0,0.0,0.0,0.0,0.0,0.0,0.0,0.0,0.0,0.0,0.0,0.0,0.0,0.0,0.0,nan,nan,0.0,0.0,0.0,0.0,0.0,nan,0.0
LOW,1058,0.0,0.0,0.0,0.0,0.0,0.0,0.0,0.0,0.0,0.0,0.0,0.0,0.0,0.0,0.0,0.0,0.0,0.0,0.0,0.0,0.0,0.0,0.0,nan,nan,0.0,0.0,0.0,0.0,0.0,nan,0.0
LOW,1059,0.0,0.0,0.0,0.0,0.0,0.0,0.0,0.0,0.0,0.0,0.0,0.0,0.0,0.0,0.0,0.0,0.0,0.0,0.0,0.0,0.0,0.0,0.0,nan,nan,0.0,0.0,0.0,0.0,0.0,nan,0.0
LOW,1060,0.0,0.0,0.0,0.0,0.0,0.0,0.0,0.0,0.0,0.0,0.0,0.0,0.0,0.0,0.0,0.0,0.0,0.0,0.0,0.0,0.0,0.0,0.0,nan,nan,0.0,0.0,0.0,0.0,0.0,nan,0.0
LOW,1061,0.0,0.0,0.0,0.0,0.0,0.0,0.0,0.0,0.0,0.0,0.0,0.0,0.0,0.0,0.0,0.0,0.0,0.0,0.0,0.0,0.0,0.0,0.0,nan,nan,0.0,0.0,0.0,0.0,0.0,nan,0.0
LOW,1062,0.0,0.0,0.0,0.0,0.0,0.0,0.0,0.0,0.0,0.0,0.0,0.0,0.0,0.0,0.0,0.0,0.0,0.0,0.0,0.0,0.0,0.0,0.0,nan,nan,0.0,0.0,0.0,0.0,0.0,nan,0.0
LOW,1063,0.0,0.0,0.0,0.0,0.0,0.0,0.0,0.0,0.0,0.0,0.0,0.0,0.0,0.0,0.0,0.0,0.0,0.0,0.0,0.0,0.0,0.0,0.0,nan,nan,0.0,0.0,0.0,0.0,0.0,nan,0.0
LOW,1064,0.0,0.0,0.0,0.0,0.0,0.0,0.0,0.0,0.0,0.0,0.0,0.0,0.0,0.0,0.0,0.0,0.0,0.0,0.0,0.0,0.0,0.0,0.0,nan,nan,0.0,0.0,0.0,0.0,0.0,nan,0.0
LOW,1065,0.0,0.0,0.0,0.0,0.0,0.0,0.0,0.0,0.0,0.0,0.0,0.0,0.0,0.0,0.0,0.0,0.0,0.0,0.0,0.0,0.0,0.0,0.0,nan,nan,0.0,0.0,0.0,0.0,0.0,nan,0.0
LOW,1066,0.0,0.0,0.0,0.0,0.0,0.0,0.0,0.0,0.0,0.0,0.0,0.0,0.0,0.0,0.0,0.0,0.0,0.0,0.0,0.0,0.0,0.0,0.0,nan,nan,0.0,0.0,0.0,0.0,0.0,nan,0.0
LOW,1067,0.0,0.0,0.0,0.0,0.0,0.0,0.0,0.0,0.0,0.0,0.0,0.0,0.0,0.0,0.0,0.0,0.0,0.0,0.0,0.0,0.0,0.0,0.0,nan,nan,0.0,0.0,0.0,0.0,0.0,nan,0.0
LOW,1068,0.0,0.0,0.0,0.0,0.0,0.0,0.0,0.0,0.0,0.0,0.0,0.0,0.0,0.0,0.0,0.0,0.0,0.0,0.0,0.0,0.0,0.0,0.0,nan,nan,0.0,0.0,0.0,0.0,0.0,nan,0.0
LOW,1069,0.0,0.0,0.0,0.0,0.0,0.0,0.0,0.0,0.0,0.0,0.0,0.0,0.0,0.0,0.0,0.0,0.0,0.0,0.0,0.0,0.0,0.0,0.0,nan,nan,0.0,0.0,0.0,0.0,0.0,nan,0.0
LOW,1070,0.0,0.0,0.0,0.0,0.0,0.0,0.0,0.0,0.0,0.0,0.0,0.0,0.0,0.0,0.0,0.0,0.0,0.0,0.0,0.0,0.0,0.0,0.0,nan,nan,0.0,0.0,0.0,0.0,0.0,nan,0.0
LOW,1071,0.0,0.0,0.0,0.0,0.0,0.0,0.0,0.0,0.0,0.0,0.0,0.0,0.0,0.0,0.0,0.0,0.0,0.0,0.0,0.0,0.0,0.0,0.0,nan,nan,0.0,0.0,0.0,0.0,0.0,nan,0.0
LOW,1072,0.0,0.0,0.0,0.0,0.0,0.0,0.0,0.0,0.0,0.0,0.0,0.0,0.0,0.0,0.0,0.0,0.0,0.0,0.0,0.0,0.0,0.0,0.0,nan,nan,0.0,0.0,0.0,0.0,0.0,nan,0.0
LOW,1073,0.0,0.0,0.0,0.0,0.0,0.0,0.0,0.0,0.0,0.0,0.0,0.0,0.0,0.0,0.0,0.0,0.0,0.0,0.0,0.0,0.0,0.0,0.0,nan,nan,0.0,0.0,0.0,0.0,0.0,nan,0.0
LOW,1074,0.0,0.0,0.0,0.0,0.0,0.0,0.0,0.0,0.0,0.0,0.0,0.0,0.0,0.0,0.0,0.0,0.0,0.0,0.0,0.0,0.0,0.0,0.0,nan,nan,0.0,0.0,0.0,0.0,0.0,nan,0.0
LOW,1075,0.0,0.0,0.0,0.0,0.0,0.0,0.0,0.0,0.0,0.0,0.0,0.0,0.0,0.0,0.0,0.0,0.0,0.0,0.0,0.0,0.0,0.0,0.0,nan,nan,0.0,0.0,0.0,0.0,0.0,nan,0.0
LOW,1076,0.0,0.0,0.0,0.0,0.0,0.0,0.0,0.0,0.0,0.0,0.0,0.0,0.0,0.0,0.0,0.0,0.0,0.0,0.0,0.0,0.0,0.0,0.0,nan,nan,0.0,0.0,0.0,0.0,0.0,nan,0.0
LOW,1077,0.0,0.0,0.0,0.0,0.0,0.0,0.0,0.0,0.0,0.0,0.0,0.0,0.0,0.0,0.0,0.0,0.0,0.0,0.0,0.0,0.0,0.0,0.0,nan,nan,0.0,0.0,0.0,0.0,0.0,nan,0.0
LOW,1078,0.0,0.0,0.0,0.0,0.0,0.0,0.0,0.0,0.0,0.0,0.0,0.0,0.0,0.0,0.0,0.0,0.0,0.0,0.0,0.0,0.0,0.0,0.0,nan,nan,0.0,0.0,0.0,0.0,0.0,nan,0.0
LOW,1079,0.0,0.0,0.0,0.0,0.0,0.0,0.0,0.0,0.0,0.0,0.0,0.0,0.0,0.0,0.0,0.0,0.0,0.0,0.0,0.0,0.0,0.0,0.0,nan,nan,0.0,0.0,0.0,0.0,0.0,nan,0.0
LOW,1080,0.0,0.0,0.0,0.0,0.0,0.0,0.0,0.0,0.0,0.0,0.0,0.0,0.0,0.0,0.0,0.0,0.0,0.0,0.0,0.0,0.0,0.0,0.0,nan,nan,0.0,0.0,0.0,0.0,0.0,nan,0.0
LOW,1081,0.0,0.0,0.0,0.0,0.0,0.0,0.0,0.0,0.0,0.0,0.0,0.0,0.0,0.0,0.0,0.0,0.0,0.0,0.0,0.0,0.0,0.0,0.0,nan,nan,0.0,0.0,0.0,0.0,0.0,nan,0.0
LOW,1082,0.0,0.0,0.0,0.0,0.0,0.0,0.0,0.0,0.0,0.0,0.0,0.0,0.0,0.0,0.0,0.0,0.0,0.0,0.0,0.0,0.0,0.0,0.0,nan,nan,0.0,0.0,0.0,0.0,0.0,nan,0.0
LOW,1083,0.0,0.0,0.0,0.0,0.0,0.0,0.0,0.0,0.0,0.0,0.0,0.0,0.0,0.0,0.0,0.0,0.0,0.0,0.0,0.0,0.0,0.0,0.0,nan,nan,0.0,0.0,0.0,0.0,0.0,nan,0.0
LOW,1084,0.0,0.0,0.0,0.0,0.0,0.0,0.0,0.0,0.0,0.0,0.0,0.0,0.0,0.0,0.0,0.0,0.0,0.0,0.0,0.0,0.0,0.0,0.0,nan,nan,0.0,0.0,0.0,0.0,0.0,nan,0.0
LOW,1085,0.0,0.0,0.0,0.0,0.0,0.0,0.0,0.0,0.0,0.0,0.0,0.0,0.0,0.0,0.0,0.0,0.0,0.0,0.0,0.0,0.0,0.0,0.0,nan,nan,0.0,0.0,0.0,0.0,0.0,nan,0.0
LOW,1086,0.0,0.0,0.0,0.0,0.0,0.0,0.0,0.0,0.0,0.0,0.0,0.0,0.0,0.0,0.0,0.0,0.0,0.0,0.0,0.0,0.0,0.0,0.0,nan,nan,0.0,0.0,0.0,0.0,0.0,nan,0.0
LOW,1087,0.0,0.0,0.0,0.0,0.0,0.0,0.0,0.0,0.0,0.0,0.0,0.0,0.0,0.0,0.0,0.0,0.0,0.0,0.0,0.0,0.0,0.0,0.0,nan,nan,0.0,0.0,0.0,0.0,0.0,nan,0.0
LOW,1088,0.0,0.0,0.0,0.0,0.0,0.0,0.0,0.0,0.0,0.0,0.0,0.0,0.0,0.0,0.0,0.0,0.0,0.0,0.0,0.0,0.0,0.0,0.0,nan,nan,0.0,0.0,0.0,0.0,0.0,nan,0.0
HEAVY,1001,-627293061.7966996,-178834024.7637551,-616005716.6171427,-11278658.354285717,-164275234.4279968,-667745714.285714,-178482308.009191,-2623084.745911807,30.02624319612778,-4.526718503405913e-05,0.005924456367891073,0.0,-0.005924456367891098,0.0,-0.23279811828873437,-0.730345866390581,-494299282.77280265,-48.46849087893864,-0.0014530000000000376,-0.0053848739495800935,9.049000000000007,58.0,918.0,10643900.18026936,35542857.142857075,-3.2618535248344634e+17,-4799891.657142848,0.0,0.0,0.0035370000000000124,0.0,0.0
HEAVY,1002,-590141691.4806893,-112910203.82084352,-526835814.22857106,-13502972.17142862,-91973660.89145786,-570121428.5714284,-104184069.40599903,-5958416.843849003,7.8570562092843375,-8.285719591838436e-05,0.005380511327573445,0.0,-0.005380511327573395,0.0,-0.1384337945296465,-0.4028421000680316,-321234648.0876109,-45.15914141687897,-0.0003370000000000317,-0.0012504201680676452,4.594999999999999,30.0,1671.0,5193575.339503825,21758571.428571224,-4.9561609363198374e+17,-75257213.14285716,0.0,0.0,0.00636800000000004,0.0,0.0
HEAVY,1003,-1241070769.7961857,-305454300.0806531,-1162634356.9371424,-29987330.079999983,-262362968.63507056,-1096758571.4285707,-265766664.71670717,-10468378.36116159,-3.7817969818902384,-4.781365986361585e-06,0.008525073181537168,0.0,-0.008525073181537238,0.0,-0.2685159529976326,-1.0157686783943436,-646876279.3956085,-49.07873044829566,0.00015799999999999148,0.000584873949580178,11.401999999999987,75.0,1670.9699999999993,13947885.614571035,65207142.85714245,-5.809578477413957e+17,-81199892.45714289,0.0,0.0,0.010449000000000042,0.0,0.0
HEAVY,1004,-1209198201.8232071,-207082497.04152378,-784928414.5942852,-18495588.639999926,-148361264.1929568,-782637142.8571426,-153763358.89002952,-13217294.946830422,4.102585365742698,0.0008801360448980056,0.008602883959765717,0.0,-0.008602883959765753,0.0,-0.14434380814283249,-0.5894996441666717,-744371068.5277159,-39.779563742901274,-0.0011480000000000379,-0.004255462184874048,5.640000000000001,20.0,75.0,7355602.99072431,29652857.142857313,-4.610583035897966e+17,-26642914.971428573,0.0,0.0,0.009415000000000062,0.0,0.0
HEAVY,1005,-981941445.3987718,-221262838.46312925,-849936795.8171426,-21811429.80571425,-178557998.61409876,-799234285.7142853,-176607402.65183178,-13344793.141039878,-10.211711856757802,0.0001140524816326538,0.006222055588204878,0.0,-0.006222055588204867,0.0,-0.17304858135975568,-0.6592803207483809,-575862140.9051982,-44.86187224669605,-0.00013100000000010326,-0.00048403361344506735,6.717000000000013,38.0,1491.0,8496043.241255164,41794285.71428549,-6.267435472577605e+17,-117414308.57142857,0.0,0.0,0.006149999999999989,0.0,0.0
HEAVY,1006,-1484191155.2702308,-323662637.0537143,-1349931317.3714278,-24492837.702857077,-280719093.8550835,-1290511428.571427,-269899974.4408541,-22460025.406671226,3.204315256370137,-6.577261496598652e-05,0.0073787418675786975,0.0,-0.007378741867578673,0.0,-0.22200961428704905,-0.9900993764268271,-769088559.5910177,-45.06720901313916,-0.0004849999999999577,-0.0017949579831930684,11.132000000000005,55.0,675.0,15412662.797964394,40391428.57142842,-3.0606607802044845e+17,-73299982.51428571,0.0,0.0,0.008108999999999922,0.0,0.0
HEAVY,1007,-972137690.5338192,-170905066.19232652,-805374158.1714283,-14845676.422857106,-142291605.5299025,-747318571.4285702,-144648514.24773332,-12599119.155534923,-2.617903959789146,-0.00022011663537413462,0.00540440698533684,0.0,-0.005404406985336788,0.0,-0.14840365241488648,-0.5326665514960869,-590903335.3107417,-35.45444373401534,-0.000256000000000034,-0.0009478991596636455,5.244,23.0,319.96999999999935,6724699.87743412,25679999.999999642,-1.7475964303281322e+17,-39543010.97142857,0.0,0.0,0.002829999999999999,0.0,0.0
HEAVY,1008,-767336875.0065014,-123352576.51896599,-596085671.4742856,-18797106.982857138,-96836177.39112997,-590272857.1428564,-97437926.450488,-15850194.895295754,-19.97953753165166,-2.104962857141235e-05,0.007997722530849627,0.0,-0.007997722530849584,0.0,-0.11332807052198553,-0.3843891799620519,-460962949.6324573,-33.75797602581835,0.00015300000000006975,0.0005647058823528006,2.7134999999999962,-5.0,1450.0,3095436.9489345253,7928571.428571463,-7.972458929029016e+17,-127857281.94285712,0.0,0.0,0.008815999999999935,0.0,0.0
HEAVY,1009,-810823495.5666609,-138483329.0543674,-571630132.3199996,-30478576.057142854,-110548781.08097228,-562732857.1428566,-111041280.30195269,-11356264.728401035,-8.485305174333234,0.0003719728734694616,0.007363313189234777,0.0,-0.007363313189234777,0.0,-0.11961752981408279,-0.41371219351461325,-488110046.65324223,-31.137223790745963,-0.00010899999999991472,-0.00040336134453777817,3.9609999999999985,28.0,461.96999999999935,4990805.045160398,26958571.428571522,-4.2915799974733286e+17,-24957141.942857146,0.0,0.0,0.008054000000000006,0.0,0.0
HEAVY,1010,-1472233895.228804,-350033127.0418503,-1303592789.5542848,-32198541.668571472,-291844234.91346097,-1231918571.4285712,-280466948.51273334,-18894932.16341096,-6.847357439036841,1.95530013605838e-05,0.00864950102508144,0.0,-0.00864950102508144,0.0,-0.24142327064747582,-1.0377670309896618,-799246136.3145183,-53.67050645481628,-0.0003810000000000757,-0.0014117647058822236,12.281000000000006,63.0,1590.0,15162838.720865905,65827142.85714352,-4.415280781173699e+17,-73857071.65714288,0.0,0.0,0.009577999999999975,0.0,0.0
HEAVY,1011,-807150992.2303478,-204690916.025034,-745979833.6914282,-17811269.291428566,-175563517.4882194,-761601428.571428,-194398738.38089013,-11053728.193385005,29.16042408280964,3.762877823132449e-05,0.008369521697619287,0.0,-0.008369521697619267,0.0,-0.2379053629852854,-0.78301395176938,-373995144.18981695,-34.83259211089096,-0.00027800000000000047,-0.0010285714285718228,8.757000000000005,38.0,1329.9699999999993,11604185.420194417,25675714.285714388,-4.279078280439822e+17,-125600012.45714283,0.0,0.0,0.0063670000000000115,0.0,0.0
HEAVY,1012,-1007743261.3971488,-255164318.265034,-900724243.245714,-20014224.422857106,-221105929.21781534,-922942857.1428567,-226496334.91082978,-9739119.82195267,-5.514576199516796,-0.0005594752666665537,0.008093017293288929,0.0,-0.008093017293288969,0.0,-0.24657630433925626,-0.8886518480891679,-550668038.685818,-48.68412043477237,0.0009630000000000472,0.0035697478991596476,9.343999999999994,50.0,204.0,11146614.518609852,42938571.4285717,-7.79602939502242e+17,-133857121.02857146,0.0,0.0,0.008218000000000059,0.0,0.0
HEAVY,1013,-1001550253.4218396,-194080513.58922446,-881428741.7142854,-20490148.948571384,-157154345.2168529,-827572857.1428568,-156658733.44774574,-13207110.143869907,7.60011143054021,-0.0002367347183673818,0.009015034849042425,0.0,-0.009015034849042425,0.0,-0.15384151941257326,-0.5816505098661371,-611850970.6851546,-30.68666256104575,-0.00011499999999997623,-0.0004235294117647115,5.000999999999991,40.0,171.0,8008432.517980605,32102857.142857194,-6.592996271715756e+17,-94628632.11428571,0.0,0.0,0.011047999999999947,0.0,0.0
HEAVY,1014,-1305798223.5852818,-237023254.77344218,-1116079930.2971425,-20702641.942857087,-200397016.1906559,-1046071428.5714277,-197744208.25818956,-6585096.659773022,9.537916982209481,-0.0004093294557823146,0.006740173622579615,0.0,-0.0067401736225795265,0.0,-0.19479547155598115,-0.7542909239124128,-702804481.1186614,-47.81278249567818,-0.0014850000000000696,-0.005505882352941249,8.99199999999999,43.0,308.0,10411522.605781913,40959999.99999988,-7.139984257550074e+17,-32800135.314285725,0.0,0.0,0.006041000000000074,0.0,0.0
HEAVY,1015,-891154485.0928328,-212564388.64805442,-633442849.245714,-10571409.851428628,-171971774.6302247,-616164285.7142854,-173733663.61444935,-11986380.536030918,14.024534877628867,0.0005005442462585608,0.006264313561035517,0.0,-0.006264313561035575,0.0,-0.1799086905592749,-0.6478983884402636,-512510561.37058604,-39.898402604284954,-0.0011259999999999604,-0.004174789915966315,7.959000000000003,45.0,559.0,10136178.981424034,39121428.57142836,-9.335335442193978e+17,-127257163.77142859,0.0,0.0,0.004190000000000027,0.0,0.0
HEAVY,1016,-946239438.0563221,-183147415.47199997,-800367119.3485712,-22377260.72000003,-149162716.81851205,-785414285.7142854,-151685656.0313335,-11279160.03203854,-5.425430533062581,-0.0004854421578230905,0.008909624104898262,0.0,-0.008909624104898243,0.0,-0.15916362026868053,-0.5970345390501198,-620432122.6790928,-35.01769262163407,-4.900000000007676e-05,-0.00018151260504195577,5.477000000000004,40.0,1191.9699999999993,6977712.735058278,29129999.99999976,-5.955354933441431e+17,-97128557.25714287,0.0,0.0,0.008272000000000057,0.0,0.0
HEAVY,1017,-467233968.45527726,-102131394.88990477,-421030022.2057139,-12559494.297142863,-91509664.66334778,-421617142.85714257,-97790925.71739842,-2452265.600969702,7.048426127044877,-0.000122099104761908,0.004686006275197996,0.0,-0.004686006275197998,0.0,-0.13300714637975147,-0.39863663608839284,-272361156.9554791,-53.12840294840295,-0.00024500000000005073,-0.0009075630252102229,4.2450000000000045,36.0,440.0,5592214.425312981,21344285.71428567,-3.225043039528599e+17,-17414262.62857142,0.0,0.0,0.0030479999999999396,0.0,0.0
HEAVY,1018,-1550311645.5054953,-311705462.45834017,-1237502594.502857,-16231340.925714254,-246073938.1438236,-1201019999.9999998,-248733076.68796,-52940622.427165866,-0.9981249750530878,-0.00012083580000010752,0.00914129530197283,0.0,-0.009141295301972824,0.0,-0.19683334154387558,-0.8974767290073266,-756708898.1754732,-37.56469840881755,-0.0010550000000000281,-0.00391260504201707,8.395999999999987,35.0,396.0,13387467.714468807,37888571.42857146,-6.33686346013411e+17,-148200015.2,0.0,0.0,0.010231999999999908,0.0,0.0
HEAVY,1019,-925177582.982615,-196818699.3766531,-679886831.8171425,-19680052.902857065,-156894888.88193446,-651041428.5714283,-160440139.491586,-8509650.529816806,-7.783274561589224,-0.00017527694693875162,0.009379035769764843,0.0,-0.009379035769764791,0.0,-0.19119690256785976,-0.6377309810506612,-540347242.1106149,-47.400777769837305,-0.00027200000000005,-0.0010084033613448895,5.286000000000001,36.0,-618.0,7061028.942936555,33539999.99999988,-4.470708900589387e+17,-53771438.057142854,0.0,0.0,0.009415000000000062,0.0,0.0
HEAVY,1020,-1276091774.9252863,-334042222.57142854,-1121499775.554285,-24380084.69714284,-281762367.5399604,-1069748571.4285709,-284387715.9471178,-18261313.179994524,-7.6002116248487255,-0.0002036540653059804,0.007910485420694835,0.0,-0.00791048542069482,0.0,-0.2897746123015532,-1.0729247634059706,-489690821.436891,-42.05037767013714,0.00029400000000001647,0.0010890756302526228,11.498000000000019,55.0,1756.9699999999993,14475971.692624658,62977142.85714269,-6.520507057690624e+17,-133999923.77142859,0.0,0.0,0.007890999999999981,0.0,0.0
HEAVY,1021,-613326940.1411574,-119241002.73839453,-459608467.2342857,-19338514.02285716,-99548737.5060858,-456139999.99999994,-101758358.53400904,-5286620.373152629,-18.94334657370473,3.729831972787423e-05,0.0055164263265776725,0.0,-0.005516426326577772,0.0,-0.13912332170662423,-0.4170810317778182,-367965731.35732734,-32.51110267945869,-0.0006209999999999827,-0.0022991596638659573,2.9680000000000035,26.0,487.0,3531674.035227746,23409999.99999994,-4.874711181579944e+17,-48399957.02857143,0.0,0.0,0.005170000000000008,0.0,0.0
HEAVY,1022,-1190743545.9648945,-279050329.5605986,-1042631397.7599996,-12887417.75999993,-227785849.06903768,-1025118571.4285713,-239243571.40516582,-13672080.850287914,-24.685004175152244,2.5850348299383263e-05,0.008464474178121684,0.0,-0.008464474178121623,0.0,-0.23339773888187787,-0.9077418604711925,-617818432.3079406,-46.13308872916103,-0.0010780000000000234,-0.003993277310924359,8.033999999999992,46.0,1589.0,12051073.903235108,63727142.857142925,-4.2588420933205626e+17,-55400018.51428574,0.0,0.0,0.010612999999999984,0.0,0.0
HEAVY,1023,-1535272552.0623078,-287933627.89006805,-1344945802.0114276,-23975866.982857108,-226101430.32174557,-1234678571.4285705,-226261375.53403735,-33371546.92712927,-0.5972512144965094,-0.00013133141088428335,0.008917668136633417,0.0,-0.00891766813663344,0.0,-0.17298017488045117,-0.8057530888976613,-830846756.5237966,-44.37494374656721,-0.0005389999999999562,-0.0019966386554619575,8.572000000000003,31.0,-610.9699999999993,11799120.575037703,53511428.571428776,-6.134020068229115e+17,-77928499.77142856,0.0,0.0,0.011156000000000055,0.0,0.0
HEAVY,1024,-1004550088.5219753,-186776270.28146935,-824224151.0399995,-8181512.080000043,-141776569.17565906,-841504285.7142854,-146289739.51696217,-15566832.314897805,3.7842290004300594,2.7599619047968815e-06,0.005444896475615191,0.0,-0.005444896475615224,0.0,-0.1423146262040701,-0.5559082134548166,-626034003.1865755,-37.91534784257817,0.00030999999999992145,0.0011495798319329786,7.481999999999999,36.0,179.96999999999935,8116301.9297566265,23267142.857142806,-7.303256334561288e+17,-146757013.94285712,0.0,0.0,0.004734000000000016,0.0,0.0
HEAVY,1025,-1014524189.2049785,-217919231.73355106,-847783970.7885705,-17472817.291428626,-177989049.0610395,-825924285.7142853,-188890077.81230024,-20035050.729937404,27.173203852680217,5.9242008163096216e-05,0.006176529041410861,0.0,-0.00617652904141095,0.0,-0.17321770378934548,-0.6692243085136832,-656064463.6558158,-40.82529545925773,-0.00042399999999997995,-0.0015731092436976901,8.144000000000005,47.0,646.9699999999993,12175714.640830025,56362857.142857075,-3.8802733943637606e+17,-32242805.7142857,0.0,0.0,0.008599000000000023,0.0,0.0
HEAVY,1026,-1597372702.3792574,-316444112.5849251,-1428154268.1828563,-25944347.71428567,-266041211.0906395,-1318848571.4285712,-252045357.98597777,-14674816.139917016,-8.441846605839146,-2.4742439455827103e-05,0.007184145738473924,0.0,-0.007184145738473971,0.0,-0.22005474111452428,-0.9414402449870402,-789204268.411654,-52.67677701279513,-0.0010939999999999284,-0.004053781512604715,10.304000000000002,56.0,1551.9699999999993,12557406.48512572,50905714.28571391,-5.937915020192407e+17,-56514162.74285716,0.0,0.0,0.003918000000000088,0.0,0.0
HEAVY,1027,-631881986.7670679,-116535908.34285715,-497819857.72571415,-15911501.874285728,-94326428.77529651,-489097142.8571423,-95376922.9667134,-5289186.471100062,-2.373380737179559,-3.18173129251198e-05,0.0050453852971468205,0.0,-0.005045385297146841,0.0,-0.11865949399093983,-0.3747488870283827,-307741655.19200736,-36.586357372531026,-0.0006639999999999979,-0.0024605042016809797,3.8220000000000027,24.0,775.0,4613927.425752342,19565714.28571409,-5.642059153064694e+17,-85128690.17142856,0.0,0.0,0.006530000000000036,0.0,0.0
HEAVY,1028,-1187316521.4545274,-220155320.21017686,-990879997.4399986,-20178641.359999955,-160680343.74364138,-910668571.4285712,-161255549.8104909,-17400107.23538944,-5.298204001450586,-0.00035187563265304256,0.012091380783299632,0.0,-0.012091380783299705,0.0,-0.13820182277229312,-0.6151158978672651,-799494673.612214,-35.12104525115018,-0.0008270000000000222,-0.003065546218487203,4.715999999999994,20.0,528.0,7110458.581526056,33002857.142857015,-5.6367066668565824e+17,-91771442.17142856,0.0,0.0,0.01273499999999994,0.0,0.0
HEAVY,1029,-809674912.233031,-165253664.66176873,-686084158.6399995,-20944286.320000052,-138515765.30664647,-652091428.5714284,-133734452.84272102,-7828818.261537403,8.70919968618773,0.0006577843142858697,0.0060898989848360285,0.0,-0.006089898984835992,0.0,-0.14196666638567026,-0.5177340713209845,-460840288.4681696,-47.47167668670674,-2.199999999996649e-05,-8.067226890773327e-05,6.4480000000000075,40.0,1250.0,6929033.458749741,32704285.714285553,-4.481666655051849e+17,-47071482.400000036,0.0,0.0,0.0048440000000000705,0.0,0.0
HEAVY,1030,-751935700.938476,-131236196.06487074,-536645606.42285687,-10104349.439999998,-93038751.81378756,-498855714.2857137,-102190456.91212386,-2128676.7648145556,-9.883299186205477,-0.00020773564625842234,0.007689111462796161,0.0,-0.00768911146279618,0.0,-0.10672513499106615,-0.40553761226576207,-685208079.1918659,-36.38200222104901,0.00037600000000004297,0.0013915966386557344,3.001499999999993,-8.0,1001.0,3823004.0619855076,16115714.285714269,-9.422247008216771e+16,-14614223.657142878,0.0,0.0,0.008108000000000004,0.0,0.0
HEAVY,1031,-532999885.14911866,-92852081.94372791,-408407177.9085712,-10031267.714285702,-75364781.9539564,-412632857.1428571,-76424954.87518983,-3207493.7751598507,3.2186110825416563,-5.2594740136080453e-05,0.004110697991800527,0.0,-0.004110697991800458,0.0,-0.09382278232818558,-0.2982526381085489,-342396924.4734192,-32.95118898623279,-0.00017400000000000748,-0.0006453781512605339,2.973699999999994,20.0,950.0,3647092.1189458,9005714.285714328,-6.848849230427316e+17,-53228573.37142855,0.0,0.0,0.0022860000000000102,0.0,0.0
HEAVY,1032,-998944429.8445556,-194427910.47379586,-686438480.1714282,-8747343.862857163,-151789283.31725913,-660025714.285714,-163511344.8394661,-16543343.105466366,6.662626151790391,-0.00038827990884360286,0.00658557514052549,0.0,-0.006585575140525429,0.0,-0.18024672781172743,-0.6025888975695374,-420183582.8336012,-32.137077453472415,0.0007399999999999629,0.002742857142857158,5.908999999999992,29.0,252.96999999999935,7948675.020578399,19021428.571428716,-6.414186437779259e+17,-103142831.20000002,0.0,0.0,0.005115999999999898,0.0,0.0
HEAVY,1033,-1281429205.6211338,-231923505.70372787,-1113621181.748571,-8896932.84571433,-186111150.98193356,-1035437142.8571428,-201703499.15641987,-17756239.34647751,11.889862859648929,-0.0001486103074830325,0.010166710647530719,0.0,-0.010068954158943738,-9.775648858692995e-05,-0.20176964567381908,-0.7730585816985998,-670589509.9940732,-49.201210327893705,-0.0002449999999999397,-0.0009075630252097788,7.998999999999995,38.0,350.0,10217594.205883771,32988571.42857158,-6.686941047713733e+17,-132385766.85714284,0.0,0.0,0.008870000000000045,0.0,0.0
HEAVY,1034,-835474507.5231802,-163639831.3287619,-669059937.4628567,-11324339.771428585,-126456433.67288634,-655429999.9999987,-136132590.95088124,-8497717.586193264,-4.68512660012243,0.0007483382095238023,0.0056911510609390925,0.0,-0.005691151060939122,0.0,-0.151868969800336,-0.5185077110099667,-476986873.3225043,-34.16496329943055,-0.0012410000000000476,-0.004598319327731026,4.5859999999999985,34.0,413.0,6474588.18407692,21035714.28571421,-6.799217957361236e+17,-119042827.88571429,0.0,0.0,0.0063670000000000115,0.0,0.0
HEAVY,1035,-881090597.1293108,-170488260.0399456,-747148509.5542853,-17087234.251428545,-134639158.02591738,-720398571.4285711,-143292270.7675146,-9527539.951809496,-4.466375434408292,-3.6540435373044744e-06,0.007112056111639897,0.0,-0.007112056111639945,0.0,-0.1604026156758305,-0.563617807296823,-581108324.3407125,-45.045764053840074,-0.00045200000000000795,-0.0016739495798319126,5.218000000000018,29.0,194.0,6320091.733579889,32160000.00000012,-4.10535405506239e+17,-62857323.88571432,0.0,0.0,0.009796000000000027,0.0,0.0
HEAVY,1036,-817376439.6319242,-175552482.7881361,-717830130.3771427,-20702813.1771428,-141564810.15382546,-707981428.571428,-151104026.53634706,-8736311.732762724,-1.1046398178882555,-0.00038106903945578363,0.007223197561947559,0.0,-0.007223197561947567,0.0,-0.16486163170374998,-0.5835049580391181,-438481738.1225124,-33.71669003139,0.0008000000000000229,0.0029647058823529804,5.534999999999997,34.0,1728.0,7033992.423175216,32951428.571428478,-3.422125551275429e+17,-81185719.3142857,0.0,0.0,0.009033999999999986,0.0,0.0
HEAVY,1037,-460135979.5281665,-83217624.46650341,-358066966.365714,-13138450.879999995,-71313978.01375869,-384990000.0,-78515601.91442601,-7304929.84697926,5.788445173483183,-0.0005177454340136167,0.0038191528872333347,0.0,-0.0038191528872333156,0.0,-0.09417285249415941,-0.29808841545182774,-384540809.2198851,-20.994209140942814,-0.0005929999999999547,-0.0021983193277308466,3.042900000000003,25.0,55.0,4180397.900616072,23667142.857143044,-5.34192064444091e+17,-43228533.71428573,0.0,0.0,0.0027209999999999734,0.0,0.0
HEAVY,1038,-1272226379.9089513,-322435480.6508844,-1098391292.7657135,-18797173.599999964,-281476968.4445052,-1070711428.5714278,-294362409.8735328,-15798345.986450732,-7.833634657786661,-0.00026958210884353573,0.009145861965475843,0.0,-0.009145861965475814,0.0,-0.28483912038419745,-1.131343112515701,-611755906.5130068,-42.50565878378379,-0.00029999999999996696,-0.001109243697478668,11.596000000000004,58.0,1625.0,15642097.951988012,43672857.142857075,-5.2477722675147136e+17,-57542862.2857143,0.0,0.0,0.005769000000000024,0.0,0.0
HEAVY,1039,-1398745099.1677263,-272353235.31319726,-909994205.8742849,-16977146.125714302,-205989061.22736144,-863745714.2857138,-207255756.08255988,-19625029.181910276,23.122333632983555,0.00018742468163268633,0.013552461149729966,0.0,-0.013552461149729942,0.0,-0.21629461602647018,-0.8345804756175882,-616030167.4402995,-45.46401399831478,-0.0017249999999999766,-0.006393277310924095,9.766999999999996,46.0,571.0,11401211.76902324,30489999.99999988,-5.208302287045344e+17,-67385807.19999999,0.0,0.0,0.013333999999999957,0.0,0.0
HEAVY,1040,-663058565.9512122,-122992179.13186392,-526801382.8914281,-16507152.274285644,-96666334.1709198,-532724285.71428525,-106320960.51626517,-17426643.318336144,-25.369216332927863,-0.00020971825034010738,0.005337158432347944,0.0,-0.005337158432347988,0.0,-0.12804403573188006,-0.4063553937244434,-420139095.6881243,-33.996329310025885,-0.00044599999999994644,-0.0016537815126049793,1.23899999999999,5.0,449.0,3628628.6754356176,22891428.571428597,-3.5240456830745875e+17,-41914523.314285696,0.0,0.0,0.006313000000000013,0.0,0.0
HEAVY,1041,-1053748100.6284198,-170149552.01480275,-964575705.291428,-19619856.582857102,-135413538.26682717,-940798571.4285712,-141701713.15747684,-14131559.900297731,-35.84442639947201,-0.00020097182585043782,0.007249443313892545,0.0,-0.007249443313892561,0.0,-0.14420721105619452,-0.5442268423496119,-628057892.9157608,-39.77917485265226,0.0008979999999999544,0.003327731092436892,2.146000000000001,13.0,785.0,4244239.299172133,14155714.28571421,-3.025793868833996e+17,-37071457.25714284,0.0,0.0,0.009959000000000051,0.0,0.0
HEAVY,1042,-1168189091.3999097,-183230927.4317279,-840337139.0857135,-18738678.011428535,-133524997.69156408,-807325714.2857131,-138388447.91982153,-26829311.40849173,14.303794405627059,-1.607386802715549e-05,0.006383651933597134,0.0,-0.006383651933597127,0.0,-0.12957677519545233,-0.5247506783346211,-546328509.9959946,-35.33252728835106,-3.799999999998249e-05,-0.00014117647058808913,5.692999999999998,40.0,546.9699999999993,8284852.999542087,31585714.285714567,-4.5575245268447744e+17,-90985788.91428569,0.0,0.0,0.006313000000000013,0.0,0.0
HEAVY,1043,-1010488858.015212,-174043325.15853062,-886911280.6399994,-16198590.26285714,-148964832.28430372,-827998571.4285711,-147207462.5668012,-15821844.725782394,-23.216569775122252,-9.059281768697414e-05,0.00641446046265115,0.0,-0.006414460462651117,0.0,-0.15585346252591953,-0.5713361023604584,-535340214.8066312,-29.499222562831292,-0.00012500000000004174,-0.0004638655462185781,4.293000000000006,29.0,100.0,5763341.283927321,26925714.28571415,-3.843823934319137e+17,-57514244.34285715,0.0,0.0,0.004027000000000003,0.0,0.0
HEAVY,1044,-692755760.0387385,-145053102.51123813,-474925733.65714276,-11972912.93714279,-109104651.60637754,-533767142.85714245,-126952391.26769407,-8093946.894542903,5.816420028985021,-1.5551020415838224e-07,0.008093641783184058,0.0,-0.008093641783184105,0.0,-0.1594583061916885,-0.5269456150567126,-537067756.4978597,-50.15488892476431,-0.0012300000000000644,-0.00455798319327716,4.425999999999988,45.0,1023.0,6346175.436726436,20409999.99999988,-2.6682320946493923e+17,-18114510.057142854,0.0,0.0,0.0066389999999999505,0.0,0.0
HEAVY,1045,-865053838.2906852,-138857093.84838095,-544729889.0971426,-8610163.931428552,-95952376.74467434,-528748571.4285713,-100167743.90632854,-17050670.626029596,5.402842548243598,-0.00014835762585030388,0.008026490573030398,0.0,-0.008026490573030403,0.0,-0.10608892334931161,-0.4070279544255788,-658416473.7959907,-41.293164381527504,-0.0006690000000000307,-0.002480672268907469,3.501199999999997,45.0,780.9699999999993,4456569.986197859,22469999.99999982,-4.640922174769189e+17,-48942866.857142866,0.0,0.0,0.007836999999999983,0.0,0.0
HEAVY,1046,-1229308620.7910028,-270576773.76631296,-1059116913.2228568,-13388365.702857077,-237158203.12655675,-1022827142.8571426,-245389231.92970267,-16659213.455974817,0.7650850992654341,0.0004308260217686932,0.008616651243130935,0.0,-0.00861665124313098,0.0,-0.2638411948398755,-0.9451630083359039,-552744744.0989822,-45.876580889441314,-0.0016929999999999445,-0.006272268907563383,10.325999999999993,62.0,380.0,13091933.032761991,38085714.28571451,-6.041063664878359e+17,-69099944.22857144,0.0,0.0,0.006857000000000002,0.0,0.0
HEAVY,1047,-1170907481.7006512,-267147164.80380952,-1038042790.3885705,-20088606.777142882,-228053648.2575814,-1007691428.5714281,-218183383.9678044,-6282994.220761359,24.397626887957813,0.00012707484081631026,0.006138085460536846,0.0,-0.006138085460536828,0.0,-0.21975518213491782,-0.8000496654496437,-630514750.9500179,-50.891895950979205,-0.0013929999999999776,-0.005163025210084271,12.072000000000003,48.0,1559.0,13255377.970371306,45281428.57142854,-6.531384407053791e+17,-62499937.942857146,0.0,0.0,0.00614899999999996,0.0,0.0
HEAVY,1048,-810991777.3234236,-194701375.42334697,-658915368.1599995,-16097220.857142866,-158395581.3279597,-694252857.1428566,-168163388.92196298,-13639951.9337897,12.040621101861234,0.0005777843251700832,0.007739684948950609,0.0,-0.007739684948950587,0.0,-0.20327215078336403,-0.6461266826977738,-383319052.73030686,-48.75544184801201,-5.000000000032756e-06,-2.0168067226933317e-05,6.774000000000001,35.0,637.9699999999993,8923589.745179534,29197142.857142746,-4.271254149402387e+17,-24157268.45714283,0.0,0.0,0.007346999999999992,0.0,0.0
HEAVY,1049,-1188746806.321244,-245049574.97044894,-1056420132.3199996,-23800037.15428567,-199885168.894607,-1024939999.9999998,-205144798.8146188,-27613539.13919741,2.927441984617417,-0.0001134888857141636,0.007878633696322801,0.0,-0.00787863369632289,0.0,-0.1954110804810058,-0.7516667558128068,-615183491.3591685,-37.90232345798931,0.00042399999999997995,0.0015731092436976901,6.336000000000013,37.0,-48.0,9638650.93878892,37555714.28571439,-5.924984357173686e+17,-63242842.62857145,0.0,0.0,0.007129000000000052,0.0,0.0
HEAVY,1050,-853273988.1042843,-150968955.80353743,-736292510.7657143,-16402780.697142899,-126635401.56814763,-755604285.7142851,-130281376.95654456,-4909478.504369885,8.12665420755502,-0.0002956268353740965,0.005973521293917039,0.0,-0.005973521293917036,0.0,-0.16380972845340125,-0.5108546010289831,-482423460.99319535,-38.52491823271801,-0.0011759999999999549,-0.004356302521008715,6.029999999999987,28.0,392.0,6784599.526416913,33621428.57142866,-4.3184747431224224e+17,-80028531.3142857,0.0,0.0,0.004788999999999932,0.0,0.0
HEAVY,1051,-658907258.0425322,-157281688.23161906,-599789839.7714285,-16524362.91428572,-132848820.70042518,-630528571.4285712,-138713958.9630219,1260034.8765943646,-7.4341868425701705,-0.0005631098312925964,0.0051110475824830415,0.0,-0.005111047582483072,0.0,-0.14204239016658002,-0.5007532704638219,-593899758.0344746,-38.89283322170127,-0.0005879999999999219,-0.0021781512605039133,5.2760000000000105,23.0,4061.9699999999993,7449799.883608267,29408571.428571284,-3.3102945360768026e+17,-41257192.45714286,0.0,0.0,0.0063670000000000115,0.0,0.0
HEAVY,1052,-1100339814.4953327,-235191827.3795918,-933275525.5771406,-26484089.51999998,-197313244.3667307,-915348571.428571,-200502267.64550024,-11352117.99189806,1.3141368812553083,0.00024983476190487686,0.007778310621041951,0.0,-0.007778310621042022,0.0,-0.2155147474855483,-0.7636333961533175,-586912391.1717666,-45.711890243902445,0.0009249999999999536,0.0034285714285715585,7.557000000000016,41.0,1203.0,9910459.01761502,33388571.428571224,-7.322149699937988e+17,-96499972.00000003,0.0,0.0,0.008000000000000007,0.0,0.0
HEAVY,1053,-1011232551.1348412,-200505455.61001363,-829865623.6799997,-9691570.377142847,-160532238.60885376,-840561428.5714283,-164446543.97508413,-15123316.920749515,6.484247737061423,-0.0005348882285713952,0.006993585629214927,0.0,-0.00699358562921484,0.0,-0.15370972488126755,-0.6128265562959194,-580216040.0558497,-33.5743842364532,2.6999999999999247e-05,0.00010084033613466659,6.013000000000005,42.0,706.9699999999993,9249556.19033587,43308571.428571284,-5.80081837578886e+17,-101957107.3142857,0.0,0.0,0.005713999999999997,0.0,0.0
HEAVY,1054,-672145765.1796293,-129391001.14133337,-543642826.8571426,-15460406.354285657,-102152324.2798682,-551642857.1428568,-110415479.68516836,-5939557.97489588,-14.738208015015061,1.1661806802676367e-05,0.0064116051069982305,0.0,-0.0064116051069982305,0.0,-0.1395098334353383,-0.4483603669320571,-523584574.9086605,-41.29977375565612,0.0002989999999999382,0.001109243697479112,3.4150000000000063,27.0,264.0,4158362.0100913793,25045714.28571433,-3.81498426798126e+17,-38614348.45714286,0.0,0.0,0.005606,0.0,0.0
HEAVY,1055,-908817938.0879391,-195787589.3231021,-732261334.5485708,-8548894.057142854,-165647327.37168983,-755369999.9999995,-185206354.47789615,-12447889.800980479,-22.218311484805326,-0.0008038679034013674,0.006777521571324163,0.0,-0.006777521571324201,0.0,-0.21791217609392488,-0.7078671014038761,-498936924.73195624,-44.194191154494646,0.0002340000000000675,0.0008672268907568004,5.530000000000001,41.0,2097.0,8293210.873070568,30148571.428571284,-3.459998000227448e+17,-15257204.45714286,0.0,0.0,0.0049519999999999564,0.0,0.0
HEAVY,1056,-911568737.6461345,-196748200.6474014,-779884308.868571,-25359965.30285716,-160007095.92402458,-746997142.8571428,-160005029.19054693,-5752632.673777282,-1.8515500527564654,-4.948490068024114e-05,0.005672753091327198,0.0,-0.005672753091327164,0.0,-0.16401663133735628,-0.6024501670786089,-622971207.8337554,-30.65345391694781,-0.0003429999999999822,-0.0012705882352941344,6.103000000000009,37.0,1469.0,8077683.029581144,30728571.428571224,-5.870938830796347e+17,-53442735.08571428,0.0,0.0,0.01023099999999999,0.0,0.0
HEAVY,1057,-1270561737.9946496,-304853165.8475102,-1206777297.8857138,-32654114.43428576,-260098498.64166763,-1143575714.2857141,-245799073.07225737,-19412012.622676015,-22.946017246488736,-0.000354285717006797,0.007646195376235454,0.0,-0.007596858951152838,-4.933642508263851e-05,-0.22974997302435968,-0.9000819528641456,-557882236.5382147,-34.431428787383894,0.0006749999999999812,0.0025008403361344023,8.823999999999984,47.0,556.0,11797529.683182925,46687142.857142925,-5.930233289138515e+17,-127342794.51428574,0.0,0.0,0.007238000000000078,0.0,0.0
HEAVY,1058,-1496873055.4617782,-295568941.5695238,-1203635717.8171422,-25658536.00000012,-229300282.15228832,-1128549999.9999993,-226024071.44041273,-23388923.962596416,4.448722271296447,0.0002462974095237547,0.010687410736590408,0.0,-0.010687410736590446,0.0,-0.20290120972053513,-0.8726731356404586,-756556890.4337982,-38.23975012984968,6.500000000009276e-05,0.00024201680672275572,8.174000000000007,45.0,1330.9699999999993,11180052.857642442,50285714.285714984,-5.221441481167209e+17,-11571444.0,0.0,0.0,0.013388000000000067,0.0,0.0
HEAVY,1059,-822375655.967384,-170216619.9498231,-748605644.0228564,-9250197.142857194,-148681073.99071676,-682882857.1428559,-150228022.6515893,-21378115.00320658,20.353169019235338,0.000630554002721162,0.0051427840075176645,0.0,-0.005142784007517573,0.0,-0.16187049285063354,-0.5694283274427354,-480150829.18946564,-27.361024519524804,-0.0012360000000000149,-0.004578151260504093,6.555999999999997,35.0,535.0,9347949.148329929,28401428.571428835,-8.071635319904815e+17,-89585492.68571427,0.0,0.0,0.002503000000000033,0.0,0.0
HEAVY,1060,-1067874983.0408095,-170089818.4955646,-732587156.8228564,-11217244.720000058,-131586605.59579313,-667011428.571428,-129265139.2290845,-24903818.866943687,-4.3115147923535915,-0.0007013411537415415,0.005452003794217064,0.0,-0.005452003794217118,0.0,-0.11795842024063424,-0.48587385058691945,-679426020.101755,-47.54500951082082,-0.0002510000000000012,-0.0009277310924371562,4.382999999999996,27.0,-767.0,5727302.666447878,15361428.571428299,-6.232180924706874e+17,-223214468.57142854,0.0,0.0,0.005604999999999971,0.0,0.0
HEAVY,1061,-1238886987.8033915,-319240784.7875918,-1189079899.7942853,-16925750.354285717,-278946964.3060453,-1152184285.7142856,-272889769.4894338,-13803776.2082901,-15.419779982471027,-1.8250738775482667e-05,0.00821403048060343,0.0,-0.008214030480603452,0.0,-0.2665791314655945,-1.0391054815934089,-657341152.3918393,-55.18032439757759,-0.0005820000000000825,-0.00215798319327698,11.054999999999978,50.0,1606.9699999999993,14120507.627240509,56417142.857142806,-1.0092758428358249e+18,-98799940.91428572,0.0,0.0,0.009143000000000012,0.0,0.0
HEAVY,1062,-1418593727.6753066,-261944278.44669393,-1112521176.7314281,-18262747.32571429,-186894995.29748628,-1145664285.7142856,-203153212.55299476,-29681684.571391642,-9.160062444711457,-0.000623265364625758,0.012291863664369074,0.0,-0.012291863664369058,0.0,-0.17826057707715054,-0.784146068971853,-807013970.5418862,-44.553126097646654,-0.0006040000000000489,-0.0022386554621847132,5.055999999999997,36.0,1502.9699999999993,8537843.086809546,36992857.142857075,-4.5079880867101203e+17,-70028508.34285715,0.0,0.0,0.013386999999999927,0.0,0.0
HEAVY,1063,-1109658532.5913038,-282050866.19232655,-918182743.5314283,-15871406.982857227,-235708298.32109678,-848428571.4285712,-236710092.334905,-12209488.284856677,-0.2527402123696447,0.00034095244081633336,0.0077049163495492845,0.0,-0.007704916349549259,0.0,-0.23496528418075355,-0.8843937819163299,-516769360.81933475,-31.265099124771012,-0.00021199999999998997,-0.000786554621848623,9.125,56.0,-53.0,12433715.319224566,39217142.85714269,-5.311135658049124e+17,-138128619.31428573,0.0,0.0,0.009741,0.0,0.0
HEAVY,1064,-1111267193.1295469,-237748393.50585034,-985750147.1999997,-19877053.337142944,-198613059.5108996,-954612857.1428567,-200713862.70035717,-17596235.26568973,7.57186161909658,-0.0001506900721088833,0.00875048630086872,0.0,-0.008750486300868691,0.0,-0.17463689255468468,-0.7778520723121877,-750537564.1930232,-43.120048427558956,-0.0011430000000000051,-0.004235294117647115,8.938000000000017,64.0,1950.9699999999993,11045788.946597993,54640000.0,-7.19845832909192e+17,-77971353.60000002,0.0,0.0,0.007781999999999956,0.0,0.0
HEAVY,1065,-804634346.1642125,-139240416.10623127,-648128464.8457136,-17519736.62857133,-109792247.58082461,-659329999.9999998,-117282548.76348095,-8311368.15098688,-4.950321183960568,0.00011790082721085948,0.006514709866257462,0.0,-0.006514709866257433,0.0,-0.13802885219304817,-0.4591585924718538,-452316401.5396069,-48.41893516479594,-1.0999999999983245e-05,-4.0336134453866634e-05,4.185000000000002,35.0,1019.0,5387392.019372374,20328571.428571284,-6.334399185511933e+17,-48614377.942857146,0.0,0.0,0.00848900000000008,0.0,0.0
HEAVY,1066,-1760535145.6524749,-342988540.69507486,-1372244329.6799994,-22160232.354285717,-258515470.6381901,-1245164285.7142847,-258988001.577043,-40872850.355882704,22.849183193992758,-0.00010054422721084144,0.013162804145437468,0.0,-0.013162804145437508,0.0,-0.23817519317639071,-1.0070814807665538,-713314281.1986772,-39.60851277698836,-0.0007399999999999629,-0.002742857142857158,8.751999999999981,61.0,96.0,13644931.13465944,56095714.28571427,-6.888810925108788e+17,-100142873.59999996,0.0,0.0,0.012135999999999925,0.0,0.0
HEAVY,1067,-779013560.3040345,-188401218.5869932,-692105604.331428,-20591264.17142856,-161309693.46114478,-746042857.1428567,-176560655.51111266,-9595413.77867794,-11.206675667995569,-0.00021448007210878028,0.007827788034613148,0.0,-0.00782778803461308,0.0,-0.2361442447129718,-0.7109596807588607,-272277365.3593457,-32.61536076907181,0.00015299999999995872,0.0005647058823528006,6.0120000000000005,39.0,1604.0,8080924.720363796,30648571.428571463,-4.95084893805809e+17,-65085653.82857144,0.0,0.0,0.009033999999999986,0.0,0.0
HEAVY,1068,-1215582339.0728436,-279667811.98780954,-1026535656.3542849,-18871311.75999999,-241020717.56141824,-1000729999.9999999,-242198854.89387783,-40123723.82706487,7.7415192426406065,0.00010145774693870457,0.006655854072174949,0.0,-0.006655854072174959,0.0,-0.23583644988361543,-0.8988011023986803,-568256426.5111328,-43.59488290625606,-0.000256000000000034,-0.0009478991596640896,9.114000000000004,37.0,1326.9699999999993,13864113.89765364,40061428.57142866,-6.912902746199144e+17,-95771495.99999997,0.0,0.0,0.008217999999999948,0.0,0.0
HEAVY,1069,-927071282.3152325,-164084547.4649252,-743038461.3828564,-14185419.817142844,-121103705.49205711,-753902857.1428566,-136925872.72631517,-23589982.918206096,-20.639635008287087,-0.000483401410884432,0.009974451424871855,0.0,-0.009974451424871899,0.0,-0.13501515506376538,-0.5440843325854768,-709294277.6733143,-46.455032860601875,-7.699999999999374e-05,-0.00028235294117617826,1.9200000000000017,-25.0,1414.9699999999993,4880327.176590681,24468571.428571463,-4.5475534185286106e+17,-45685655.54285714,0.0,0.0,0.010558000000000067,0.0,0.0
HEAVY,1070,-647176414.0683155,-131410323.75858498,-561258510.7314281,-20268597.462857187,-107113350.9943927,-574338571.428571,-117939733.83018458,-5462020.570768058,21.88399230735513,-0.00010375117551020274,0.0043211730844175955,0.0,-0.004321173084417597,0.0,-0.14508266382640608,-0.4592848382611763,-398350251.1413952,-50.815042905336554,-0.0008599999999999719,-0.0031865546218483587,5.7379999999999995,44.0,270.0,7240428.211476877,32787142.85714245,-3.537240053887871e+17,-39885787.88571429,0.0,0.0,0.005985999999999936,0.0,0.0
HEAVY,1071,-834717804.0314668,-195568466.4464762,-701064363.645714,-13180165.680000007,-162008531.76614198,-724372857.1428562,-172848532.62537843,-10535861.367881775,3.302835160958921,0.0006965403551019156,0.007169071025822871,0.0,-0.007169071025822907,0.0,-0.1932773181840172,-0.6495783182742814,-495063895.2726857,-39.48543772485867,-0.0006369999999999987,-0.002359663865546313,6.388000000000005,33.0,732.9699999999993,9249210.124122769,26532857.142856956,-3.62544356914354e+17,-65185809.142857134,0.0,0.0,0.0038639999999999786,0.0,0.0
HEAVY,1072,-1291044416.2756627,-214961843.4293333,-935785694.514285,-19408480.354285657,-160963686.34187812,-900035714.2857136,-174471900.73353213,-15479793.454219699,-8.794919999493914,-0.00017269195238100998,0.00983561015775225,0.0,-0.009835610157752275,0.0,-0.1611890658161477,-0.6618492416700096,-742017922.7920939,-48.57646652845439,-0.0006369999999999987,-0.002359663865546313,6.390000000000001,25.0,-119.0,8205318.805585846,30714285.714285612,-4.64870908286895e+17,-101414256.22857144,0.0,0.0,0.011155999999999944,0.0,0.0
HEAVY,1073,-631273880.8044393,-155984824.45463943,-486696861.371428,-11367308.639999986,-133018458.04253888,-518052857.1428571,-143988720.58816075,-7951883.373216331,-11.85003342744767,-0.0004457920625851042,0.007085927251983537,0.0,-0.007085927251983569,0.0,-0.18883862146347785,-0.5909742232831171,-372596958.28234994,-30.932621874210668,-0.0005230000000000512,-0.0019361344537816016,4.6510000000000105,39.0,-857.0,6899347.769101009,21542857.142857015,-4.111452684453614e+17,-31957318.057142854,0.0,0.0,0.0071830000000000505,0.0,0.0
HEAVY,1074,-1001090928.1849406,-238223383.87863946,-951342751.2228568,-20895916.068571508,-199353032.70695084,-926881428.5714277,-202494193.93630275,-14181103.189428657,12.20633809556898,-0.0005617104380951643,0.006172272981518012,0.0,-0.006172272981518065,0.0,-0.1875243336175518,-0.750106869461664,-648188951.6574808,-47.010973230960786,-0.0005069999999999242,-0.0018756302521008017,8.859000000000009,50.0,619.9699999999993,11987187.671162874,45392857.142856956,-3.0713322996606e+17,-31714334.17142856,0.0,0.0,0.004461999999999966,0.0,0.0
HEAVY,1075,-878071189.084974,-185558032.0045714,-791368449.5542854,-11842861.428571403,-159936737.9364753,-744475714.285714,-167376400.84464502,-3850111.41955629,-5.260123771942972,0.00010695819183681454,0.006389820298645765,0.0,-0.006389820298645783,0.0,-0.19193336007733985,-0.6474987706656443,-483748835.63502055,-42.54045358955065,0.00016300000000002424,0.0006050420168066672,7.2949999999999875,46.0,2061.0,7762404.334787279,37924285.71428549,-4.496465885734203e+17,-61842938.057142854,0.0,0.0,0.003265999999999991,0.0,0.0
HEAVY,1076,-999633866.771774,-255924436.28658506,-838167059.6571426,-15601548.902857125,-226110968.5009525,-811522857.1428566,-233008150.20333445,-15232000.768770665,28.12666321195684,-0.00014769678775505835,0.007188000899525759,0.0,-0.007188000899525835,0.0,-0.26782180775984576,-0.9012687620514931,-452170508.9204798,-42.52969283276451,-0.0004349999999999632,-0.0016134453781515568,10.286000000000001,55.0,151.0,14448873.187665313,39645714.28571463,-4.8796828773383194e+17,-92771300.5714286,0.0,0.0,0.008271999999999946,0.0,0.0
HEAVY,1077,-797895087.8114195,-153780034.6198639,-543716826.8457137,-20655614.491428554,-117719516.2354652,-647735714.2857138,-140178578.6953296,-14661077.345918894,19.663152713908858,3.545193469389751e-05,0.007284358498342303,0.0,-0.007284358498342304,0.0,-0.17434612836660832,-0.5641272224435631,-392741651.41648495,-35.57540871934606,0.0006859999999999644,0.002541176470588713,6.076999999999998,40.0,230.0,7523995.936490536,31985714.285714805,-5.577160703752443e+17,-64700007.54285714,0.0,0.0,0.00712999999999997,0.0,0.0
HEAVY,1078,-782185009.6543609,-177187440.922449,-725691372.2057142,-20420164.365714252,-152571575.41804662,-749315714.2857144,-158398777.16563752,-6432603.96259585,17.154543980565904,-3.764818095230993e-05,0.005356000789348503,0.0,-0.005356000789348549,0.0,-0.18164944816874024,-0.6118835363288577,-516643666.6829439,-27.915375864181314,-0.0003049999999999997,-0.0011294117647060453,8.070999999999998,30.0,1093.0,9284272.970004901,35044285.71428573,-5.6889125477119174e+17,-50185669.142857134,0.0,0.0,0.004081000000000001,0.0,0.0
HEAVY,1079,-1018995146.4883456,-198883208.01338777,-742174166.7314279,-17591375.52000004,-157794978.19575137,-727932857.142857,-163857866.67653212,-18362094.915626764,10.07341696784897,-0.0001903596217687209,0.007190926360096883,0.0,-0.007190926360096957,0.0,-0.16930157883085262,-0.6228067474151697,-422911109.47180176,-36.53143609540054,-0.0003650000000000597,-0.0013512605042014236,6.437000000000012,33.0,-348.0,9318355.509900391,36941428.57142842,-4.351126246851003e+17,-55100009.02857146,0.0,0.0,0.006313000000000013,0.0,0.0
HEAVY,1080,-563245958.3471454,-100260705.9247891,-405511563.8514284,-20132776.617142826,-78543248.78747952,-465700000.0,-92291222.03621474,-5217561.3553703725,-6.611361013014857,-0.00045795920272118096,0.005038217416959423,0.0,-0.005038217416959342,0.0,-0.12285131088947625,-0.36487056615010444,-318147315.39702964,-38.07364931766327,0.00018499999999999073,0.0006857142857144005,2.8063999999999965,16.0,2696.0,4094327.484675035,17831428.571428478,-2.7525213297437373e+17,-30685588.91428572,0.0,0.0,0.006421999999999928,0.0,0.0
HEAVY,1081,-1172441963.9433308,-173823234.9789388,-944298531.0057136,-10648727.508571386,-136397153.8875573,-843707142.8571417,-134225155.535523,-33587657.9832176,-10.300560353039373,0.0001492905918367704,0.005888868672919156,0.0,-0.005888868672919216,0.0,-0.1217731580368598,-0.4619849855849982,-637053103.4765412,-34.40663335895465,0.00010399999999999299,0.00038319327731040076,2.8330000000000126,12.0,-171.96999999999935,5694027.350721791,22728571.428571463,-4.9384274534143776e+17,-45557024.228571415,0.0,0.0,0.005659999999999998,0.0,0.0
HEAVY,1082,-1229194267.6528761,-239288305.29414967,-1040591316.1485707,-15417105.257142901,-206064229.6049066,-939122857.1428565,-195303172.4118791,-26247500.799049377,-15.275233236304757,0.00032478130884350254,0.005457422368432607,0.0,-0.005457422368432596,0.0,-0.2049421985689952,-0.7461401165826954,-558596034.6009972,-45.51773702942975,-0.0005169999999999897,-0.0019159663865542242,6.111000000000018,42.0,764.9699999999993,9163013.597211212,30612857.142857194,-9.152625011963731e+17,-111014357.94285718,0.0,0.0,0.004625000000000101,0.0,0.0
HEAVY,1083,-482861721.13763213,-120385165.73104763,-406323999.3714283,-17225836.23999998,-105508241.42111576,-417405714.2857143,-118121859.31632459,-2978362.258732423,22.8707259322789,-0.00021844505986390317,0.004696393577933389,0.0,-0.004696393577933396,0.0,-0.15279031553027425,-0.4681951342081488,-441867802.56123316,-36.25645124081336,-0.00045200000000000795,-0.0016739495798319126,5.965000000000003,32.0,157.0,7837145.212435558,24139999.999999464,-4.816540257215104e+17,-95642772.6857143,0.0,0.0,0.007291999999999965,0.0,0.0
HEAVY,1084,-1209218920.68089,-281698346.27112925,-1050642855.0399995,-19877170.19428575,-228641165.32596013,-1013675714.2857138,-235189178.2142547,-20858121.054092288,7.857438557591649,-0.0002515646653060699,0.008351106992510404,0.0,-0.008351106992510458,0.0,-0.241744249000864,-0.8846503314967528,-545955972.0507947,-48.71668990240988,-0.00037600000000004297,-0.0013915966386552903,8.679999999999978,46.0,416.96999999999935,12775594.523691535,32607142.857142925,-8.080281932573736e+17,-131257120.45714283,0.0,0.0,0.008925000000000072,0.0,0.0
HEAVY,1085,-1447819799.0109317,-308434544.89186394,-1109777020.251428,-21191286.52571428,-241489360.13817924,-1079048571.428571,-233628701.0442333,-14893439.786286175,11.297199869936321,9.181729251694914e-05,0.009959385197241155,0.0,-0.009959385197241195,0.0,-0.228814687159444,-0.9095821212154568,-686912814.0054382,-55.819671616816564,-0.0010829999999999451,-0.004013445378151292,11.504999999999995,51.0,1490.0,11855180.408563286,43172857.142856956,-8.881747464565617e+17,-101114297.82857144,0.0,0.0,0.010939000000000032,0.0,0.0
HEAVY,1086,-1192507208.5626938,-215206386.5658776,-781550055.1657131,-15475779.074285746,-162209816.49245223,-718578571.4285711,-166299167.8323956,-28991847.130623817,-5.650148410484462,-0.000194460621768755,0.008842901981278573,0.0,-0.008842901981278475,0.0,-0.165674967451894,-0.6480600434132784,-610346450.1148827,-38.44731482186104,-0.0008540000000000214,-0.0031663865546223136,5.203999999999979,41.0,524.0,7556176.174609587,30905714.285714447,-3.0427199307439936e+17,-27057235.08571428,0.0,0.0,0.007346999999999992,0.0,0.0
HEAVY,1087,-840810143.3138165,-186534489.53349662,-710588550.5028566,-10735696.800000042,-160185475.46085575,-657014285.7142848,-158631599.12529165,-13601536.13643545,-21.398652771805473,0.00010839650476190954,0.005585081830963401,0.0,-0.005585081830963356,0.0,-0.18018969466465046,-0.6140131137136318,-510383230.5691235,-41.932759823296905,0.0,0.0,4.536000000000001,42.0,408.96999999999935,6558390.621041298,26065714.28571427,-6.18779254529689e+17,-92557052.11428571,0.0,0.0,0.004516999999999993,0.0,0.0
HEAVY,1088,-749827021.0289981,-145939856.46378234,-526818473.82857114,-10414039.13142857,-119776045.38126111,-510388571.428571,-130032700.64541739,-15052811.695994645,5.69726274124605,0.00017379982312926145,0.006063993031971582,0.0,-0.006063993031971585,0.0,-0.1597525083162773,-0.4970637866130428,-335924783.66231066,-55.96792396792398,-0.00021199999999998997,-0.000786554621848623,5.338999999999999,35.0,-28.0,6593160.8715197,23498571.428571343,-3.464721702924859e+17,-45985580.45714286,0.0,0.0,0.005769000000000024,0.0,0.0
