load,endpoint,source_column,evidence_role,fifo_n,fifo_mean,fifo_sd,fifo_se,fifo_median,fifo_mad,fifo_min,fifo_p05,fifo_p10,fifo_q1,fifo_q3,fifo_p90,fifo_p95,fifo_max,fifo_iqr,policy_n,policy_mean,policy_sd,policy_se,policy_median,policy_mad,policy_min,policy_p05,policy_p10,policy_q1,policy_q3,policy_p90,policy_p95,policy_max,policy_iqr,difference_n,difference_mean,difference_sd,difference_se,difference_median,difference_mad,difference_min,difference_p05,difference_p10,difference_q1,difference_q3,difference_p90,difference_p95,difference_max,difference_iqr,difference_negative,difference_zero,difference_positive,sd_compression_fifo_over_policy,most_favorable_rng,most_unfavorable_rng
LOW,aoi_p95_ms,aoi_p95_ns,CONFIRMATORY-FROZEN,88,389.2137290019744,83.0682926622639,8.85510975101608,379.05346565831275,53.24862339461504,256.9280325246111,272.8381875876599,307.81495939595646,328.28367797849876,436.2526109785347,500.8093508547963,561.7414592945132,626.1294878935979,107.96893300003592,88,389.2137290019744,83.0682926622639,8.85510975101608,379.05346565831275,53.24862339461504,256.9280325246111,272.8381875876599,307.81495939595646,328.28367797849876,436.2526109785347,500.8093508547963,561.7414592945132,626.1294878935979,107.96893300003592,88,0.0,0.0,0.0,0.0,0.0,0.0,0.0,0.0,0.0,0.0,0.0,0.0,0.0,0.0,0,88,0,1.0,1001,1001
LOW,aoi_mean_ms,aoi_mean_ns,CONFIRMATORY-FROZEN,88,163.0547824243958,10.910029141759608,1.163013014241867,163.01215942236735,6.970752633904752,143.1278697315918,146.93649074388026,150.88570448499593,154.63971530677549,168.52339748242176,177.53692435603807,181.60687011452515,192.0344354943129,13.883682175646271,88,163.0547824243958,10.910029141759608,1.163013014241867,163.01215942236735,6.970752633904752,143.1278697315918,146.93649074388026,150.88570448499593,154.63971530677549,168.52339748242176,177.53692435603807,181.60687011452515,192.0344354943129,13.883682175646271,88,0.0,0.0,0.0,0.0,0.0,0.0,0.0,0.0,0.0,0.0,0.0,0.0,0.0,0.0,0,88,0,1.0,1001,1001
LOW,delivery_age_p95_ms,delivery_age_p95_ns,CONFIRMATORY-FROZEN,88,209.4947530863634,76.12377253642376,8.114821418228544,196.74762731428558,42.67856751999993,85.74621958857139,106.6191167394285,121.55978947542846,159.5901161857142,246.90727239714272,314.6789151782855,331.2482513559997,468.94473629714264,87.31715621142851,88,209.4947530863634,76.12377253642376,8.114821418228544,196.74762731428558,42.67856751999993,85.74621958857139,106.6191167394285,121.55978947542846,159.5901161857142,246.90727239714272,314.6789151782855,331.2482513559997,468.94473629714264,87.31715621142851,88,0.0,0.0,0.0,0.0,0.0,0.0,0.0,0.0,0.0,0.0,0.0,0.0,0.0,0.0,0,88,0,1.0,1001,1001
LOW,useful_gap_p95_ms,useful_gap_p95_ns,CONFIRMATORY-FROZEN,88,266.28567647818176,11.36557319774479,1.2115741737756576,266.22060766857135,8.687806874285684,232.3284574285714,249.8762689074285,252.8943800617142,257.98459790857135,275.89037017142846,281.41701630742847,284.6970216485713,290.6456319885714,17.905772262857113,88,266.28567647818176,11.36557319774479,1.2115741737756576,266.22060766857135,8.687806874285684,232.3284574285714,249.8762689074285,252.8943800617142,257.98459790857135,275.89037017142846,281.41701630742847,284.6970216485713,290.6456319885714,17.905772262857113,88,0.0,0.0,0.0,0.0,0.0,0.0,0.0,0.0,0.0,0.0,0.0,0.0,0.0,0.0,0,88,0,1.0,1001,1001
LOW,status_residence_p95_ms,status_residence_p95_ns,PRESPECIFIED-SECONDARY,88,171.47378175324658,67.15631593685458,7.158887332770547,156.30642785714286,32.431428571428604,66.36999928571429,84.60121357142849,98.52257071428566,127.0224992857141,193.47249928571432,258.2251421428569,286.70642785714244,419.5299992857141,66.45000000000022,88,171.47378175324658,67.15631593685458,7.158887332770547,156.30642785714286,32.431428571428604,66.36999928571429,84.60121357142849,98.52257071428566,127.0224992857141,193.47249928571432,258.2251421428569,286.70642785714244,419.5299992857141,66.45000000000022,88,0.0,0.0,0.0,0.0,0.0,0.0,0.0,0.0,0.0,0.0,0.0,0.0,0.0,0.0,0,88,0,1.0,1001,1001
LOW,status_service_wait_mean_ms,status_service_wait_mean_ns,PRESPECIFIED-SECONDARY,88,25.88135336034533,8.157311948577796,0.8695723754864833,24.608104514574435,4.81137402182136,12.192559896283413,15.117347589192525,16.832595116670912,20.728084441012275,29.81151073353901,36.35908067241565,38.97857898767788,52.03122824617471,9.083426292526735,88,25.88135336034533,8.157311948577796,0.8695723754864833,24.608104514574435,4.81137402182136,12.192559896283413,15.117347589192525,16.832595116670912,20.728084441012275,29.81151073353901,36.35908067241565,38.97857898767788,52.03122824617471,9.083426292526735,88,0.0,0.0,0.0,0.0,0.0,0.0,0.0,0.0,0.0,0.0,0.0,0.0,0.0,0.0,0,88,0,1.0,1001,1001
LOW,hbar_ms,hbar_ns,PRESPECIFIED-SECONDARY,88,20.991952542918067,9.578128599732597,1.0210319394045748,19.719178559740996,6.25957486752685,5.31092561460261,8.541302337140795,10.406821625593876,13.414515937596736,25.52018821312,34.62933735702807,38.354754509438806,49.86415570136912,12.105672275523265,88,20.991952542918067,9.578128599732597,1.0210319394045748,19.719178559740996,6.25957486752685,5.31092561460261,8.541302337140795,10.406821625593876,13.414515937596736,25.52018821312,34.62933735702807,38.354754509438806,49.86415570136912,12.105672275523265,88,0.0,0.0,0.0,0.0,0.0,0.0,0.0,0.0,0.0,0.0,0.0,0.0,0.0,0.0,0,88,0,1.0,1001,1001
LOW,qbar_bytes,qbar_bytes,PRESPECIFIED-SECONDARY,88,28.284307604830015,7.909800884797476,0.8431876074345315,27.9254325658,5.305294800404763,14.49768446077687,17.128381512889185,19.184359047285852,22.29675015504966,32.54706985475986,38.821665724270744,42.07360359115204,50.085058552,10.2503196997102,88,28.284307604830015,7.909800884797476,0.8431876074345315,27.9254325658,5.305294800404763,14.49768446077687,17.128381512889185,19.184359047285852,22.29675015504966,32.54706985475986,38.821665724270744,42.07360359115204,50.085058552,10.2503196997102,88,0.0,0.0,0.0,0.0,0.0,0.0,0.0,0.0,0.0,0.0,0.0,0.0,0.0,0.0,0,88,0,1.0,1001,1001
LOW,backlog_occupancy,backlog_occupancy,PRESPECIFIED-SECONDARY,88,0.12211211646666666,0.01236120339556423,0.0013177087094758488,0.12065934546462585,0.00924450925714286,0.09754046299183673,0.10515089060340135,0.10643699556761904,0.11316798975544218,0.13101474393095236,0.13914837174244898,0.14403452627190474,0.14834003552517006,0.017846754175510182,88,0.12211211646666666,0.01236120339556423,0.0013177087094758488,0.12065934546462585,0.00924450925714286,0.09754046299183673,0.10515089060340135,0.10643699556761904,0.11316798975544218,0.13101474393095236,0.13914837174244898,0.14403452627190474,0.14834003552517006,0.017846754175510182,88,0.0,0.0,0.0,0.0,0.0,0.0,0.0,0.0,0.0,0.0,0.0,0.0,0.0,0.0,0,88,0,1.0,1001,1001
LOW,status_delivery_fraction,status_delivery_fraction,PRESPECIFIED-SECONDARY,88,0.991786034090909,0.0014555714400932946,0.00015516443686732894,0.991728,0.0009520000000000084,0.987211,0.9892463,0.9898288000000001,0.99102,0.992762,0.9934855,0.9939401,0.99483,0.0017420000000000213,88,0.991786034090909,0.0014555714400932946,0.00015516443686732894,0.991728,0.0009520000000000084,0.987211,0.9892463,0.9898288000000001,0.99102,0.992762,0.9934855,0.9939401,0.99483,0.0017420000000000213,88,0.0,0.0,0.0,0.0,0.0,0.0,0.0,0.0,0.0,0.0,0.0,0.0,0.0,0.0,0,88,0,1.0,1001,1001
LOW,superseded_fraction,superseded_while_queued_fraction,EXPLORATORY,88,0.03802470649691947,0.00811924440726087,0.0008655143619471506,0.037959183673469385,0.005378151260504203,0.02228091236494598,0.02563265306122449,0.02726050420168067,0.03264105642256903,0.043445378151260504,0.050012004801920765,0.0515438175270108,0.05565426170468187,0.010804321728691474,88,0.03802470649691947,0.00811924440726087,0.0008655143619471506,0.037959183673469385,0.005378151260504203,0.02228091236494598,0.02563265306122449,0.02726050420168067,0.03264105642256903,0.043445378151260504,0.050012004801920765,0.0515438175270108,0.05565426170468187,0.010804321728691474,88,0.0,0.0,0.0,0.0,0.0,0.0,0.0,0.0,0.0,0.0,0.0,0.0,0.0,0.0,0,88,0,1.0,1001,1001
LOW,background_pdr,bg_delivery_fraction,PRESPECIFIED-SECONDARY,88,0.0,0.0,0.0,0.0,0.0,0.0,0.0,0.0,0.0,0.0,0.0,0.0,0.0,0.0,88,0.0,0.0,0.0,0.0,0.0,0.0,0.0,0.0,0.0,0.0,0.0,0.0,0.0,0.0,88,0.0,0.0,0.0,0.0,0.0,0.0,0.0,0.0,0.0,0.0,0.0,0.0,0.0,0.0,0,88,0,nan,1001,1001
LOW,background_mean_delay_ms,bg_mean_delay_ms,PRESPECIFIED-SECONDARY,88,0.0,0.0,0.0,0.0,0.0,0.0,0.0,0.0,0.0,0.0,0.0,0.0,0.0,0.0,88,0.0,0.0,0.0,0.0,0.0,0.0,0.0,0.0,0.0,0.0,0.0,0.0,0.0,0.0,88,0.0,0.0,0.0,0.0,0.0,0.0,0.0,0.0,0.0,0.0,0.0,0.0,0.0,0.0,0,88,0,nan,1001,1001
LOW,background_p95_delay_ms,bg_p95_delay_ms,PRESPECIFIED-SECONDARY,88,0.0,0.0,0.0,0.0,0.0,0.0,0.0,0.0,0.0,0.0,0.0,0.0,0.0,0.0,88,0.0,0.0,0.0,0.0,0.0,0.0,0.0,0.0,0.0,0.0,0.0,0.0,0.0,0.0,88,0.0,0.0,0.0,0.0,0.0,0.0,0.0,0.0,0.0,0.0,0.0,0.0,0.0,0.0,0,88,0,nan,1001,1001
LOW,background_max_delay_ms,bg_max_delay_ms,DESCRIPTIVE,88,0.0,0.0,0.0,0.0,0.0,0.0,0.0,0.0,0.0,0.0,0.0,0.0,0.0,0.0,88,0.0,0.0,0.0,0.0,0.0,0.0,0.0,0.0,0.0,0.0,0.0,0.0,0.0,0.0,88,0.0,0.0,0.0,0.0,0.0,0.0,0.0,0.0,0.0,0.0,0.0,0.0,0.0,0.0,0,88,0,nan,1001,1001
LOW,background_residence_p95_ms,bg_residence_p95_ns,PRESPECIFIED-SECONDARY,nan,nan,nan,nan,nan,nan,nan,nan,nan,nan,nan,nan,nan,nan,nan,nan,nan,nan,nan,nan,nan,nan,nan,nan,nan,nan,nan,nan,nan,nan,nan,nan,nan,nan,nan,nan,nan,nan,nan,nan,nan,nan,nan,nan,nan,nan,nan,nan,nan,,
LOW,a_plus_s2,a_plus_mean_ns2,PRESPECIFIED-SECONDARY,88,0.2346689597387382,0.08128003257948008,0.008664480585676253,0.21764006000360833,0.04427128215579755,0.1396890940449992,0.14788066553889212,0.15907842882026388,0.17617639276041314,0.26792250167799325,0.32842479938916763,0.40822240484618405,0.5984096414506982,0.09174610891758012,88,0.2346689597387382,0.08128003257948008,0.008664480585676253,0.21764006000360833,0.04427128215579755,0.1396890940449992,0.14788066553889212,0.15907842882026388,0.17617639276041314,0.26792250167799325,0.32842479938916763,0.40822240484618405,0.5984096414506982,0.09174610891758012,88,0.0,0.0,0.0,0.0,0.0,0.0,0.0,0.0,0.0,0.0,0.0,0.0,0.0,0.0,0,88,0,1.0,1001,1001
LOW,post_ho_fresh_ms,post_ho_first_fresh_mean_ns,PRESPECIFIED-SECONDARY,88,216.6471479350649,23.132303797575528,2.465911870299355,211.72915214285712,12.150014114285725,178.75776157142855,188.0962977142857,192.01201775428572,201.05768339999997,225.5362456,249.4134319942857,253.84768893714283,294.1149000857143,24.478562200000027,88,216.6471479350649,23.132303797575528,2.465911870299355,211.72915214285712,12.150014114285725,178.75776157142855,188.0962977142857,192.01201775428572,201.05768339999997,225.5362456,249.4134319942857,253.84768893714283,294.1149000857143,24.478562200000027,88,0.0,0.0,0.0,0.0,0.0,0.0,0.0,0.0,0.0,0.0,0.0,0.0,0.0,0.0,0,88,0,1.0,1001,1001
HEAVY,qbar_bytes,qbar_bytes,PRESPECIFIED-SECONDARY,88,1900.5474571819248,464.93976715512883,49.56274570984209,1838.8913259307155,337.2206523340925,991.478595796815,1277.181553336809,1361.662244259607,1538.7227267165842,2255.5664937992206,2564.437470144047,2685.816669192394,3063.2984061091533,716.8437670826363,88,1900.9489280054338,466.5658448340222,49.736086172837055,1839.686391820202,346.6116111533415,997.2670409702981,1255.3156282247107,1354.878026769118,1550.1935500091697,2262.9007498452215,2560.8067923341646,2700.642601345868,3055.6981944843046,712.7071998360518,88,0.4014708235091795,13.924513443605905,1.4843581205400533,-0.42499571343307707,8.224283439395549,-35.84442639947201,-22.691320229899542,-19.254203861088808,-7.985687644799782,7.924742470082492,20.81241600567127,23.95127424871681,30.02624319612778,15.910430114882274,45,0,43,0.9965147948635806,1041,1001
HEAVY,backlog_occupancy,backlog_occupancy,PRESPECIFIED-SECONDARY,88,0.8084156399811998,0.02241047062133525,0.0023889641951675184,0.8055631085700681,0.017917572919727898,0.7638937567659864,0.7733342180617686,0.7757246480297959,0.7949037250955783,0.8254258658255101,0.8418326716209523,0.8431382659210204,0.8546439689238094,0.030522140729931868,88,0.8083525440753092,0.022417852736983438,0.0023897511313397254,0.8056444985530611,0.017859457990476335,0.7631924156122448,0.773316402677551,0.7762298842273471,0.7949489777278912,0.8253238152894558,0.8417019017005442,0.8430938402431972,0.8544403148585035,0.03037483756156456,88,-6.309590589052838e-05,0.00032653414204581236,3.480865649936592e-05,-7.431490544218544e-05,0.00015411077142857277,-0.0008038679034013674,-0.0005609281280951506,-0.00048401363496602956,-0.00021886295374146103,9.4227406122388e-05,0.00035025857061227173,0.0006120846155782839,0.0008801360448980056,0.00031309035986384903,57,0,31,0.9996707037139194,1055,1004
