endpoint,evidence_role,difference_n,difference_mean,difference_sd,difference_se,difference_median,difference_mad,difference_min,difference_p05,difference_p10,difference_q1,difference_q3,difference_p90,difference_p95,difference_max,difference_iqr,difference_negative,difference_zero,difference_positive,fifo_n,fifo_mean,fifo_sd,fifo_se,fifo_median,fifo_mad,fifo_min,fifo_p05,fifo_p10,fifo_q1,fifo_q3,fifo_p90,fifo_p95,fifo_max,fifo_iqr,policy_n,policy_mean,policy_sd,policy_se,policy_median,policy_mad,policy_min,policy_p05,policy_p10,policy_q1,policy_q3,policy_p90,policy_p95,policy_max,policy_iqr
bg_delay_p50_ms,EXPLORATORY,88,1.5495121064935053,2.34381979015761,0.24985202913502946,0.9429024571428499,0.9143212571428556,-3.8998479999999773,-0.9665177257142894,-0.6299771999999968,0.10356991428572293,2.471585085714267,4.530000502857126,5.74774964571424,9.971224914285713,2.368015171428544,17,0,71,88,74.23251013766233,32.39417068260231,3.453230197638363,64.44390891428571,20.285903485714286,38.71549891428572,39.31695327999999,41.42401033142857,47.76907765714285,92.67622168571428,119.22678972571427,140.39480867999998,175.7440358285714,44.90714402857143,88,75.78202224415583,33.957307921109035,3.619861187144245,64.95823468571429,20.24269411428572,38.70124634285713,39.35541529714285,41.531168685714285,48.07259297142856,93.2691264,122.35402775999997,145.55759960571422,181.12964439999996,45.19653342857144
bg_worst_ue_delay_p50_ms,EXPLORATORY,88,19.113603863636357,29.0355461134786,3.0951996155849986,24.500073999999984,21.499925999999995,-93.00014799999997,-28.725290800000014,-11.800054400000015,-1.0000740000000015,41.74992599999999,49.2998644,58.29903539999998,63.499555999999984,42.749999999999986,24,0,64,88,446.4922431818182,242.83438443236113,25.886232358376542,459.930022,228.74988999999997,72.929874,100.27942599999999,135.7297456,202.42961099999997,669.1796479999999,775.3298404,808.6296331999998,855.931058,466.75003699999996,88,465.60584704545454,256.6353963759834,27.357425174782847,476.929648,240.49988999999994,78.92942599999999,97.6295296,127.62992919999999,219.679722,690.4296479999999,806.4795591999999,847.5044777999997,914.929574,470.74992599999996
bg_delay_p75_ms,EXPLORATORY,88,7.72281553701299,4.669742346238047,0.49779620670704033,7.489361371428558,3.828564828571416,-0.357212799999985,0.7607269628571218,1.9670517542857255,3.669670042857142,11.355358742857142,13.729218697142846,14.691412697142809,19.42155834285711,7.6856887,1,0,87,88,187.88216940324673,60.796138053071715,6.480890092284738,179.39040022857142,43.939206999999996,89.23700542857144,103.43111313714286,115.2947703942857,136.36543968571425,224.29574355714283,273.71962758857137,295.18301614571425,332.1654402857143,87.93030387142858,88,195.60498494025975,64.47034337480979,6.872561695600814,190.03334157142856,50.24992368571432,91.48681731428572,107.66622021142857,117.53184793142859,139.69771931428568,238.51006282857142,286.4111834914286,308.41863459428566,346.9868595428571,98.81234351428574
bg_worst_ue_delay_p75_ms,EXPLORATORY,88,49.98014227272727,25.962879191755462,2.7676522211682184,51.25014799999997,14.999705999999946,-36.750361999999996,15.262483400000031,24.85008879999999,33.75022199999995,64.06252050000009,74.47509139999994,87.53770849999988,146.99963000000002,30.31229850000014,3,0,85,88,830.0660636136362,136.58407728884583,14.559911560375996,833.5547589999999,101.5,530.931058,622.4794777999999,659.3294481999999,721.6171525,915.1794259999999,1003.3297428,1028.9170295999998,1159.42987,193.56227349999995,88,880.0462058863635,153.20773391826094,16.331999311296492,884.429611,109.49963000000008,517.9306859999999,661.4170058,699.3545413999999,754.4302329999999,968.6174624999999,1077.9295147999999,1099.2045842,1306.4295,214.18722949999994
bg_delay_p90_ms,EXPLORATORY,88,18.34426195896104,7.663410165878389,0.81692226854607,17.364304079999982,5.644297748571319,-1.3000050057142403,7.161885418285763,9.46919068342856,12.970750085714343,23.95786075428579,28.958867094857197,30.586445419428546,33.18557060571413,10.987110668571447,1,0,87,88,377.7710819755845,83.71656211256865,8.924215506614296,369.1239604457143,61.95418086857143,201.9011289942857,247.47427926285718,269.4666329508572,311.09413446285726,442.0647485200001,491.9597420754287,525.7549788160001,558.2125218171428,130.97061405714283,88,396.11534393454554,89.96859656685447,9.590684618781143,388.1683311314286,67.99434435428574,209.04401246857148,259.1724402045714,281.64060897600007,327.5555013714286,466.6990143542858,520.7454384,554.2275144137143,585.8469646285715,139.1435129828572
bg_worst_ue_delay_p90_ms,EXPLORATORY,88,97.04206295454551,63.00434422222928,6.716285660847373,84.04985200000044,23.949956800000223,-13.80026640000051,37.77519240000004,43.63968327999993,61.39997120000018,109.09988479999993,158.02002375999996,189.74974395999854,398.39994080000224,47.699913599999746,2,0,86,88,1190.8512484454548,255.66815395513805,27.254316786275965,1113.929426,144.2503847999999,815.9294259999999,909.12973384,924.9698426399998,1011.9298995999999,1324.529426,1520.0900298399995,1739.939426,1941.3296036000002,312.5995264000002,88,1287.8933114000001,301.98001038101023,32.19117726915303,1201.2798996000001,165.3504144000002,866.9300179999999,939.72944524,985.929722,1076.6545962000002,1412.1545592,1682.4298107999998,1878.959502959999,2339.7295444000024,335.49996299999975
bg_delay_p95_ms,EXPLORATORY,88,32.853142567142854,11.946050724078614,1.2734532859970096,31.02936785714303,7.21993878857154,7.895804239999961,16.589663383428473,20.43792862171427,24.716711951428763,38.44360377142854,49.496779813714156,55.26810481714252,66.09000929142871,13.726891819999778,0,0,88,88,552.7071342296101,109.33072833036707,11.654694799857445,558.2533531485713,78.58781843428571,332.9125382057141,379.08616267142844,403.930127998857,472.69501967999986,634.1992894885711,711.0044820708569,735.6388794171427,807.5411337599998,161.50426980857128,88,585.560276796753,119.10280336053857,12.696401498214115,590.5746806799996,88.13000483428567,340.80834244571406,393.1300937914284,424.57806891771406,496.37508846857116,665.6057809171425,753.4004941531426,792.5584691074281,860.2196525371427,169.23069244857135
bg_worst_ue_delay_p95_ms,EXPLORATORY,88,152.3597270454543,134.28649560368876,14.314988529795487,110.52508319999902,42.075120200001834,-51.950266400000146,31.244923980000603,50.28607044000074,73.61289409999972,170.4125169000019,348.62996135999896,446.905335219997,671.8007696000009,96.79962280000217,2,0,86,88,1607.4768130136356,451.4339779365361,48.12302374166617,1465.7545095999994,298.2490624000005,969.9295,1090.77957992,1142.8695029599996,1221.1802696,1893.4170399999994,2262.7798107999997,2426.119431179999,2999.129544399999,672.2367703999994,88,1759.8365400590899,547.4726931371229,58.36078518098494,1608.9799119999975,338.9749412000009,1037.7794259999994,1180.9921795,1218.73997512,1304.3544639999996,2022.3920702999994,2525.7597135999995,2868.8994288599965,3670.9303139999997,718.0376062999999
bg_delay_p99_ms,EXPLORATORY,88,123.66555250584419,54.04683530939355,5.7614120023582025,119.99962695771461,36.47905644000048,40.62432905828837,54.59766253245723,58.928835637941795,78.61757909257003,151.629892792002,205.1493485154248,229.94403017965348,262.5214677645761,73.01231369943199,0,0,88,88,1142.7563039635322,230.4072300085547,24.561493245667883,1094.0256107531418,157.55629664228462,708.2349446834274,839.3516525293702,874.9610349152003,970.6486872634284,1299.4774022514284,1479.3629998283432,1558.6938289958848,1735.2599245119984,328.828714988,88,1266.4218564693763,274.1795210275698,29.22763514655802,1211.7486981291424,192.09169947314416,765.9282820457138,894.6209649162283,932.3920133839997,1076.3620003622855,1474.428699577142,1681.4924765478866,1725.191358702058,1997.7813922765745,398.0666992148565
bg_worst_ue_delay_p99_ms,EXPLORATORY,88,807.6237583590929,539.3867783667318,57.49882377026605,660.1749117599791,333.10005359998024,49.32999999999902,151.07033468799705,209.82300527998834,405.5723610400066,1117.3022845000028,1491.9082051519897,1936.493963740075,2503.639647760002,711.7299234599961,0,0,88,88,3810.813518072726,1035.4352835928307,110.37777210093307,3739.599426000006,731.1597276800117,2014.2895261600004,2313.5650358160024,2537.4014260000013,3037.197050319999,4516.157141339985,4956.392714511999,5520.053683739969,7650.289816239997,1478.960091019986,88,4618.437276431819,1446.9701264757132,154.24753375489513,4399.589982479987,927.0442946399794,2216.8294259999975,2683.3462363559856,2914.7365725199966,3620.3519932600047,5596.674630240013,6360.997771920006,6783.370925999997,10153.929463999999,1976.3226369800086
bg_delay_ue_cv,EXPLORATORY,88,0.019989160051575642,0.009122745855761283,0.0009724879757892409,0.019095465509759157,0.006685574904804925,0.002034104557232852,0.00597324389591466,0.009429227453691536,0.012735687379044291,0.02592235814854521,0.03132041666010647,0.0363218763025967,0.04468311763016675,0.013186670769500919,0,0,88,88,0.8813813563712362,0.10813986578880407,0.011527748426386297,0.8762150730452185,0.06404850485416996,0.6194837599886824,0.7270708050852248,0.7523773948991158,0.8124068527503356,0.9392502507499072,1.0008849342909678,1.0749177974804487,1.3156010691941353,0.12684339799957156,88,0.9013705164228117,0.10996033136682246,0.011721810709053423,0.899165407810584,0.06253954645910248,0.6313051981550589,0.7409955362310032,0.7705410463072063,0.8314603564850065,0.9578938401717203,1.030136177309403,1.0869960902925575,1.341643427136552,0.1264334836867138
bg_delay_ue_spread_ms,EXPLORATORY,88,43.11884821751114,21.70153919722217,2.313391851433563,41.216506989696114,12.642749829327869,6.875446175093941,14.028458108558198,18.316373541300976,26.693063886491046,52.50008708350455,76.6639411999087,87.40120736775481,99.00555588322834,25.807023197013507,0,0,88,88,530.2280162702541,149.1600714427309,15.900517041622129,516.805606546845,121.36932924177836,276.28657784499654,329.35294562307695,354.58248403402126,404.6200056324676,641.9054435698405,739.1376724177031,761.5130748788094,857.5146775553868,237.28543793737288,88,573.3468644877653,165.12674930427428,17.602570620572287,569.157866539173,134.44472542735923,283.1620240200905,351.6317483198724,377.42697416473914,433.6545382967832,696.0826801739814,800.6997167541806,846.841549631135,924.1842780103952,262.42814187719824
bg_service_gap_p99_ms,EXPLORATORY,88,0.08979220779220802,0.1112316455094627,0.011857333252015382,0.10757142857141133,0.07899999999998286,-0.26885714285714,-0.10190000000000979,-0.05254285714286588,0.013500000000072454,0.17142857142857082,0.20754285714285528,0.22827142857144017,0.315428571428491,0.15792857142849837,13,4,71,88,19.48005194805195,0.5013910867784943,0.05344846943774651,19.500142857142833,0.4142857142857146,18.314285714285713,18.677142857142858,18.82,19.085714285714285,19.871428571428574,20.122857142857143,20.30428571428572,20.571428571428573,0.7857142857142883,88,19.569844155844155,0.4900637899739732,0.05224097554119825,19.545428571428577,0.3432857142856971,18.508571428571408,18.835971428571444,18.970257142857196,19.207571428571413,19.893714285714303,20.177142857142858,20.37142857142857,20.886857142857064,0.6861428571428903
bg_service_gap_worst_ue_max_ms,EXPLORATORY,88,1023.1818181818181,1676.5162740447483,178.71723530408963,375.0,380.0,-1748.0,-105.44999999999993,-2.0,0.0,1610.5,2643.7999999999997,3421.4999999999986,11055.0,1610.5,13,13,62,88,2440.840909090909,1475.6173061364111,157.30133336750947,2122.0,790.0,490.0,727.45,909.0,1474.75,3082.75,4050.2999999999997,5237.699999999993,9082.0,1608.0,88,3464.0227272727275,1918.9271186873814,204.5583181691786,3087.5,981.5,867.0,1436.6000000000001,1795.2,2145.75,4085.25,5653.2,6458.549999999994,12631.0,1939.5
longest_priority_selection_streak,EXPLORATORY,88,24.113636363636363,3.4952572732888463,0.3725956772561698,25.0,2.0,13.0,18.0,20.0,21.75,26.0,28.0,28.64999999999999,30.0,4.25,0,0,88,88,0.0,0.0,0.0,0.0,0.0,0.0,0.0,0.0,0.0,0.0,0.0,0.0,0.0,0.0,88,24.113636363636363,3.4952572732888463,0.3725956772561698,25.0,2.0,13.0,18.0,20.0,21.75,26.0,28.0,28.64999999999999,30.0,4.25
