metric,manuscript_location,value,canonical_source_file,selector,unit,rounding,raw_value,display_factor,original_source_sha256
AoIpF,manuscript.tex:27;sections/05_results.tex:3;sections/07_conclusions.tex:2;tables/primary.tex:5,1315.59,data/canonical_results/production_results_statistics.json,/metrics/HEAVY/aoi_p95_ns/fifo_mean,ms,display_factor=1e-06; decimal places=2,1315591391.9874847,1e-06,55a4a5f429892083dbc71e20ce3c3bce751b321d74e6b314616bf7d525a039a0
AoIpP,manuscript.tex:27;sections/05_results.tex:3;sections/07_conclusions.tex:2;tables/primary.tex:5,316.59,data/canonical_results/production_results_statistics.json,/metrics/HEAVY/aoi_p95_ns/policy_mean,ms,display_factor=1e-06; decimal places=2,316587803.14766717,1e-06,55a4a5f429892083dbc71e20ce3c3bce751b321d74e6b314616bf7d525a039a0
AoIpD,sections/05_results.tex:3;tables/primary.tex:5;figures/f5_primary.pdf,-999.00,data/canonical_results/production_results_statistics.json,/metrics/HEAVY/aoi_p95_ns/diff_mean,ms,display_factor=1e-06; decimal places=2,-999003588.8398174,1e-06,55a4a5f429892083dbc71e20ce3c3bce751b321d74e6b314616bf7d525a039a0
AoIpL,sections/05_results.tex:3;tables/primary.tex:5;figures/f5_primary.pdf,-1059.80,data/canonical_results/production_results_statistics.json,/metrics/HEAVY/aoi_p95_ns/ci95_low,ms,display_factor=1e-06; decimal places=2,-1059802373.9021019,1e-06,55a4a5f429892083dbc71e20ce3c3bce751b321d74e6b314616bf7d525a039a0
AoIpU,sections/05_results.tex:3;tables/primary.tex:5;figures/f5_primary.pdf,-938.20,data/canonical_results/production_results_statistics.json,/metrics/HEAVY/aoi_p95_ns/ci95_high,ms,display_factor=1e-06; decimal places=2,-938204803.7775329,1e-06,55a4a5f429892083dbc71e20ce3c3bce751b321d74e6b314616bf7d525a039a0
AoImF,sections/05_results.tex:5;tables/primary.tex:6,361.73,data/canonical_results/production_results_statistics.json,/metrics/HEAVY/aoi_mean_ns/fifo_mean,ms,display_factor=1e-06; decimal places=2,361734444.6182758,1e-06,55a4a5f429892083dbc71e20ce3c3bce751b321d74e6b314616bf7d525a039a0
AoImP,sections/05_results.tex:5;tables/primary.tex:6,155.78,data/canonical_results/production_results_statistics.json,/metrics/HEAVY/aoi_mean_ns/policy_mean,ms,display_factor=1e-06; decimal places=2,155784336.85486457,1e-06,55a4a5f429892083dbc71e20ce3c3bce751b321d74e6b314616bf7d525a039a0
AoImD,tables/primary.tex:6;figures/f5_primary.pdf,-205.95,data/canonical_results/production_results_statistics.json,/metrics/HEAVY/aoi_mean_ns/diff_mean,ms,display_factor=1e-06; decimal places=2,-205950107.76341122,1e-06,55a4a5f429892083dbc71e20ce3c3bce751b321d74e6b314616bf7d525a039a0
AoImL,tables/primary.tex:6;figures/f5_primary.pdf,-219.92,data/canonical_results/production_results_statistics.json,/metrics/HEAVY/aoi_mean_ns/ci95_low,ms,display_factor=1e-06; decimal places=2,-219917398.85030338,1e-06,55a4a5f429892083dbc71e20ce3c3bce751b321d74e6b314616bf7d525a039a0
AoImU,tables/primary.tex:6;figures/f5_primary.pdf,-191.98,data/canonical_results/production_results_statistics.json,/metrics/HEAVY/aoi_mean_ns/ci95_high,ms,display_factor=1e-06; decimal places=2,-191982816.67651907,1e-06,55a4a5f429892083dbc71e20ce3c3bce751b321d74e6b314616bf7d525a039a0
DAF,sections/05_results.tex:5;tables/primary.tex:7,921.28,data/canonical_results/production_results_statistics.json,/metrics/HEAVY/delivery_age_p95_ns/fifo_mean,ms,display_factor=1e-06; decimal places=2,921283851.2220775,1e-06,55a4a5f429892083dbc71e20ce3c3bce751b321d74e6b314616bf7d525a039a0
DAP,sections/05_results.tex:5;tables/primary.tex:7,97.30,data/canonical_results/production_results_statistics.json,/metrics/HEAVY/delivery_age_p95_ns/policy_mean,ms,display_factor=1e-06; decimal places=2,97295422.86922073,1e-06,55a4a5f429892083dbc71e20ce3c3bce751b321d74e6b314616bf7d525a039a0
DAD,tables/primary.tex:7;figures/f5_primary.pdf,-823.99,data/canonical_results/production_results_statistics.json,/metrics/HEAVY/delivery_age_p95_ns/diff_mean,ms,display_factor=1e-06; decimal places=2,-823988428.3528568,1e-06,55a4a5f429892083dbc71e20ce3c3bce751b321d74e6b314616bf7d525a039a0
DAL,tables/primary.tex:7;figures/f5_primary.pdf,-878.21,data/canonical_results/production_results_statistics.json,/metrics/HEAVY/delivery_age_p95_ns/ci95_low,ms,display_factor=1e-06; decimal places=2,-878207284.2446486,1e-06,55a4a5f429892083dbc71e20ce3c3bce751b321d74e6b314616bf7d525a039a0
DAU,tables/primary.tex:7;figures/f5_primary.pdf,-769.77,data/canonical_results/production_results_statistics.json,/metrics/HEAVY/delivery_age_p95_ns/ci95_high,ms,display_factor=1e-06; decimal places=2,-769769572.4610649,1e-06,55a4a5f429892083dbc71e20ce3c3bce751b321d74e6b314616bf7d525a039a0
GapF,sections/05_results.tex:5;tables/primary.tex:8,298.09,data/canonical_results/production_results_statistics.json,/metrics/HEAVY/useful_gap_p95_ns/fifo_mean,ms,display_factor=1e-06; decimal places=2,298094950.873896,1e-06,55a4a5f429892083dbc71e20ce3c3bce751b321d74e6b314616bf7d525a039a0
GapP,sections/05_results.tex:5;tables/primary.tex:8,280.59,data/canonical_results/production_results_statistics.json,/metrics/HEAVY/useful_gap_p95_ns/policy_mean,ms,display_factor=1e-06; decimal places=2,280592249.487922,1e-06,55a4a5f429892083dbc71e20ce3c3bce751b321d74e6b314616bf7d525a039a0
GapD,sections/05_results.tex:5;tables/primary.tex:8;figures/f5_primary.pdf,-17.50,data/canonical_results/production_results_statistics.json,/metrics/HEAVY/useful_gap_p95_ns/diff_mean,ms,display_factor=1e-06; decimal places=2,-17502701.385974023,1e-06,55a4a5f429892083dbc71e20ce3c3bce751b321d74e6b314616bf7d525a039a0
GapL,tables/primary.tex:8;figures/f5_primary.pdf,-18.68,data/canonical_results/production_results_statistics.json,/metrics/HEAVY/useful_gap_p95_ns/ci95_low,ms,display_factor=1e-06; decimal places=2,-18675632.72245014,1e-06,55a4a5f429892083dbc71e20ce3c3bce751b321d74e6b314616bf7d525a039a0
GapU,tables/primary.tex:8;figures/f5_primary.pdf,-16.33,data/canonical_results/production_results_statistics.json,/metrics/HEAVY/useful_gap_p95_ns/ci95_high,ms,display_factor=1e-06; decimal places=2,-16329770.049497906,1e-06,55a4a5f429892083dbc71e20ce3c3bce751b321d74e6b314616bf7d525a039a0
ResidenceF,sections/05_results.tex:13;figures/f6_mechanism.pdf,855.49,data/canonical_results/production_results_statistics.json,/metrics/HEAVY/status_residence_p95_ns/fifo_mean,ms,display_factor=1e-06; decimal places=2,855490729.8051944,1e-06,55a4a5f429892083dbc71e20ce3c3bce751b321d74e6b314616bf7d525a039a0
ResidenceP,sections/05_results.tex:13;figures/f6_mechanism.pdf,52.98,data/canonical_results/production_results_statistics.json,/metrics/HEAVY/status_residence_p95_ns/policy_mean,ms,display_factor=1e-06; decimal places=2,52976655.1298701,1e-06,55a4a5f429892083dbc71e20ce3c3bce751b321d74e6b314616bf7d525a039a0
ResidenceD,available binding; not displayed,-802.51,data/canonical_results/production_results_statistics.json,/metrics/HEAVY/status_residence_p95_ns/diff_mean,ms,display_factor=1e-06; decimal places=2,-802514074.6753242,1e-06,55a4a5f429892083dbc71e20ce3c3bce751b321d74e6b314616bf7d525a039a0
ResidenceL,available binding; not displayed,-851.05,data/canonical_results/production_results_statistics.json,/metrics/HEAVY/status_residence_p95_ns/ci95_low,ms,display_factor=1e-06; decimal places=2,-851045799.7661304,1e-06,55a4a5f429892083dbc71e20ce3c3bce751b321d74e6b314616bf7d525a039a0
ResidenceU,available binding; not displayed,-753.98,data/canonical_results/production_results_statistics.json,/metrics/HEAVY/status_residence_p95_ns/ci95_high,ms,display_factor=1e-06; decimal places=2,-753982349.584518,1e-06,55a4a5f429892083dbc71e20ce3c3bce751b321d74e6b314616bf7d525a039a0
QueueF,sections/05_results.tex:13;figures/f6_mechanism.pdf,1900.55,data/canonical_results/production_results_statistics.json,/metrics/HEAVY/qbar_bytes/fifo_mean,B,display_factor=1; decimal places=2,1900.5474571819248,1,55a4a5f429892083dbc71e20ce3c3bce751b321d74e6b314616bf7d525a039a0
QueueP,sections/05_results.tex:13;figures/f6_mechanism.pdf,1900.95,data/canonical_results/production_results_statistics.json,/metrics/HEAVY/qbar_bytes/policy_mean,B,display_factor=1; decimal places=2,1900.9489280054338,1,55a4a5f429892083dbc71e20ce3c3bce751b321d74e6b314616bf7d525a039a0
QueueD,available binding; not displayed,0.40,data/canonical_results/production_results_statistics.json,/metrics/HEAVY/qbar_bytes/diff_mean,B,display_factor=1; decimal places=2,0.4014708235091795,1,55a4a5f429892083dbc71e20ce3c3bce751b321d74e6b314616bf7d525a039a0
QueueL,available binding; not displayed,-2.55,data/canonical_results/production_results_statistics.json,/metrics/HEAVY/qbar_bytes/ci95_low,B,display_factor=1; decimal places=2,-2.5488516697202206,1,55a4a5f429892083dbc71e20ce3c3bce751b321d74e6b314616bf7d525a039a0
QueueU,available binding; not displayed,3.35,data/canonical_results/production_results_statistics.json,/metrics/HEAVY/qbar_bytes/ci95_high,B,display_factor=1; decimal places=2,3.35179331673858,1,55a4a5f429892083dbc71e20ce3c3bce751b321d74e6b314616bf7d525a039a0
PDRF,sections/05_results.tex:22;tables/background.tex:5;figures/f7_cost.pdf,90.858,data/canonical_results/production_results_statistics.json,/metrics/HEAVY/bg_delivery_fraction/fifo_mean,%,display_factor=100; decimal places=3,0.9085794318181816,100,55a4a5f429892083dbc71e20ce3c3bce751b321d74e6b314616bf7d525a039a0
PDRP,sections/05_results.tex:22;tables/background.tex:5;figures/f7_cost.pdf,90.823,data/canonical_results/production_results_statistics.json,/metrics/HEAVY/bg_delivery_fraction/policy_mean,%,display_factor=100; decimal places=3,0.9082286022727272,100,55a4a5f429892083dbc71e20ce3c3bce751b321d74e6b314616bf7d525a039a0
PDRD,sections/05_results.tex:22;tables/background.tex:5,-0.0351,data/canonical_results/production_results_statistics.json,/metrics/HEAVY/bg_delivery_fraction/diff_mean,pp,display_factor=100; decimal places=4,-0.0003508295454545472,100,55a4a5f429892083dbc71e20ce3c3bce751b321d74e6b314616bf7d525a039a0
PDRL,available binding; not displayed,-0.0478,data/canonical_results/production_results_statistics.json,/metrics/HEAVY/bg_delivery_fraction/ci95_low,pp,display_factor=100; decimal places=4,-0.0004778004829220002,100,55a4a5f429892083dbc71e20ce3c3bce751b321d74e6b314616bf7d525a039a0
PDRU,available binding; not displayed,-0.0224,data/canonical_results/production_results_statistics.json,/metrics/HEAVY/bg_delivery_fraction/ci95_high,pp,display_factor=100; decimal places=4,-0.00022385860798709417,100,55a4a5f429892083dbc71e20ce3c3bce751b321d74e6b314616bf7d525a039a0
BGMeanF,sections/05_results.tex:24;tables/background.tex:6;figures/f7_cost.pdf,136.56,data/canonical_results/production_results_statistics.json,/metrics/HEAVY/bg_mean_delay_ms/fifo_mean,ms,display_factor=1; decimal places=2,136.56302954545455,1,55a4a5f429892083dbc71e20ce3c3bce751b321d74e6b314616bf7d525a039a0
BGMeanP,sections/05_results.tex:24;tables/background.tex:6;figures/f7_cost.pdf,143.15,data/canonical_results/production_results_statistics.json,/metrics/HEAVY/bg_mean_delay_ms/policy_mean,ms,display_factor=1; decimal places=2,143.15170227272728,1,55a4a5f429892083dbc71e20ce3c3bce751b321d74e6b314616bf7d525a039a0
BGMeanD,manuscript.tex:27;sections/05_results.tex:24;tables/background.tex:6,6.59,data/canonical_results/production_results_statistics.json,/metrics/HEAVY/bg_mean_delay_ms/diff_mean,ms,display_factor=1; decimal places=2,6.588672727272728,1,55a4a5f429892083dbc71e20ce3c3bce751b321d74e6b314616bf7d525a039a0
BGMeanL,available binding; not displayed,6.03,data/canonical_results/production_results_statistics.json,/metrics/HEAVY/bg_mean_delay_ms/ci95_low,ms,display_factor=1; decimal places=2,6.030241699230195,1,55a4a5f429892083dbc71e20ce3c3bce751b321d74e6b314616bf7d525a039a0
BGMeanU,available binding; not displayed,7.15,data/canonical_results/production_results_statistics.json,/metrics/HEAVY/bg_mean_delay_ms/ci95_high,ms,display_factor=1; decimal places=2,7.147103755315261,1,55a4a5f429892083dbc71e20ce3c3bce751b321d74e6b314616bf7d525a039a0
BGPF,sections/05_results.tex:24;tables/background.tex:7;figures/f7_cost.pdf,727.07,data/canonical_results/production_results_statistics.json,/metrics/HEAVY/bg_p95_delay_ms/fifo_mean,ms,display_factor=1; decimal places=2,727.0681818181819,1,55a4a5f429892083dbc71e20ce3c3bce751b321d74e6b314616bf7d525a039a0
BGPP,sections/05_results.tex:24;tables/background.tex:7;figures/f7_cost.pdf,764.01,data/canonical_results/production_results_statistics.json,/metrics/HEAVY/bg_p95_delay_ms/policy_mean,ms,display_factor=1; decimal places=2,764.0113636363636,1,55a4a5f429892083dbc71e20ce3c3bce751b321d74e6b314616bf7d525a039a0
BGPD,manuscript.tex:27;sections/05_results.tex:24;tables/background.tex:7,36.94,data/canonical_results/production_results_statistics.json,/metrics/HEAVY/bg_p95_delay_ms/diff_mean,ms,display_factor=1; decimal places=2,36.94318181818182,1,55a4a5f429892083dbc71e20ce3c3bce751b321d74e6b314616bf7d525a039a0
BGPL,sections/05_results.tex:24,33.62,data/canonical_results/production_results_statistics.json,/metrics/HEAVY/bg_p95_delay_ms/ci95_low,ms,display_factor=1; decimal places=2,33.61883540450557,1,55a4a5f429892083dbc71e20ce3c3bce751b321d74e6b314616bf7d525a039a0
BGPU,sections/05_results.tex:24,40.27,data/canonical_results/production_results_statistics.json,/metrics/HEAVY/bg_p95_delay_ms/ci95_high,ms,display_factor=1; decimal places=2,40.26752823185807,1,55a4a5f429892083dbc71e20ce3c3bce751b321d74e6b314616bf7d525a039a0
PDRLower,sections/05_results.tex:22,-0.0457,data/canonical_results/production_results_statistics.json,/harm/one_sided_95_lower,pp,display_factor=100; decimal places=4,-0.0004570358171851053,100,55a4a5f429892083dbc71e20ce3c3bce751b321d74e6b314616bf7d525a039a0
PDRMargin,sections/05_results.tex:22,-1,data/canonical_results/production_results_statistics.json,/harm/margin,pp,display_factor=100; decimal places=0,-0.01,100,55a4a5f429892083dbc71e20ce3c3bce751b321d74e6b314616bf7d525a039a0
WaitF,manuscript.tex:27;sections/05_results.tex:13;sections/07_conclusions.tex:2;figures/f6_mechanism.pdf,840.79,data/canonical_results/phase9_endpoint_summary.csv,load_id=HEAVY;endpoint=status_wait_p95_ms;policy=FIFO;column=mean,ms,display_factor=1; decimal places=2,840.7866226623372,1,3491ef11e03a4750bc5dee2e4712caa6f903225b05d4b6504855b95260ac0c20
WaitP,manuscript.tex:27;sections/05_results.tex:13;sections/07_conclusions.tex:2;figures/f6_mechanism.pdf,33.46,data/canonical_results/phase9_endpoint_summary.csv,load_id=HEAVY;endpoint=status_wait_p95_ms;policy=STATUS_PRIORITY_NON_DROPPING;column=mean,ms,display_factor=1; decimal places=2,33.46095707792205,1,3491ef11e03a4750bc5dee2e4712caa6f903225b05d4b6504855b95260ac0c20
WaitD,sections/05_results.tex:13,-807.33,data/canonical_results/phase9_endpoint_summary.csv,load_id=HEAVY;endpoint=status_wait_p95_ms;policy=POLICY_MINUS_FIFO;column=mean,ms,display_factor=1; decimal places=2,-807.3256655844151,1,3491ef11e03a4750bc5dee2e4712caa6f903225b05d4b6504855b95260ac0c20
OFFAF,sections/05_results.tex:32;figures/f8_load.pdf,389.21,data/canonical_results/phase9_load_level_summary.csv,load_id=OFF;column=fifo_aoi_p95_ms,ms,display_factor=1; decimal places=2,389.2137290019744,1,22c100c4c1215e5b807f969bbee2526565d928cc404fac785f062673a5407d2e
OFFAP,figures/f8_load.pdf,389.21,data/canonical_results/phase9_load_level_summary.csv,load_id=OFF;column=policy_aoi_p95_ms,ms,display_factor=1; decimal places=2,389.2137290019744,1,22c100c4c1215e5b807f969bbee2526565d928cc404fac785f062673a5407d2e
OFFAD,available binding; not displayed,0.00,data/canonical_results/phase9_load_level_summary.csv,load_id=OFF;column=delta_aoi_p95_ms,ms,display_factor=1; decimal places=2,0.0,1,22c100c4c1215e5b807f969bbee2526565d928cc404fac785f062673a5407d2e
OFFWF,sections/05_results.tex:32;figures/f8_load.pdf,111.21,data/canonical_results/phase9_load_level_summary.csv,load_id=OFF;column=fifo_status_wait_p95_ms,ms,display_factor=1; decimal places=2,111.2068012337661,1,22c100c4c1215e5b807f969bbee2526565d928cc404fac785f062673a5407d2e
OFFWP,figures/f8_load.pdf,111.21,data/canonical_results/phase9_load_level_summary.csv,load_id=OFF;column=policy_status_wait_p95_ms,ms,display_factor=1; decimal places=2,111.2068012337661,1,22c100c4c1215e5b807f969bbee2526565d928cc404fac785f062673a5407d2e
I80AF,tables/supporting.tex:5;figures/f8_load.pdf,591.39,data/canonical_results/phase9_load_level_summary.csv,load_id=I80;column=fifo_aoi_p95_ms,ms,display_factor=1; decimal places=2,591.3944825389337,1,22c100c4c1215e5b807f969bbee2526565d928cc404fac785f062673a5407d2e
I80AP,tables/supporting.tex:5;figures/f8_load.pdf,290.82,data/canonical_results/phase9_load_level_summary.csv,load_id=I80;column=policy_aoi_p95_ms,ms,display_factor=1; decimal places=2,290.8212851670338,1,22c100c4c1215e5b807f969bbee2526565d928cc404fac785f062673a5407d2e
I80AD,tables/supporting.tex:5,-300.57,data/canonical_results/phase9_load_level_summary.csv,load_id=I80;column=delta_aoi_p95_ms,ms,display_factor=1; decimal places=2,-300.5731973718999,1,22c100c4c1215e5b807f969bbee2526565d928cc404fac785f062673a5407d2e
I80WF,figures/f8_load.pdf,238.10,data/canonical_results/phase9_load_level_summary.csv,load_id=I80;column=fifo_status_wait_p95_ms,ms,display_factor=1; decimal places=2,238.10242785714263,1,22c100c4c1215e5b807f969bbee2526565d928cc404fac785f062673a5407d2e
I80WP,figures/f8_load.pdf,45.61,data/canonical_results/phase9_load_level_summary.csv,load_id=I80;column=policy_status_wait_p95_ms,ms,display_factor=1; decimal places=2,45.605142142857105,1,22c100c4c1215e5b807f969bbee2526565d928cc404fac785f062673a5407d2e
I80BGD,sections/05_results.tex:34;tables/supporting.tex:5,1.15,data/canonical_results/phase9_load_level_summary.csv,load_id=I80;column=delta_bg_p95_delay_ms,ms,display_factor=1; decimal places=2,1.15,1,22c100c4c1215e5b807f969bbee2526565d928cc404fac785f062673a5407d2e
I40AF,tables/supporting.tex:6;figures/f8_load.pdf,833.08,data/canonical_results/phase9_load_level_summary.csv,load_id=I40;column=fifo_aoi_p95_ms,ms,display_factor=1; decimal places=2,833.0838304297001,1,22c100c4c1215e5b807f969bbee2526565d928cc404fac785f062673a5407d2e
I40AP,tables/supporting.tex:6;figures/f8_load.pdf,280.83,data/canonical_results/phase9_load_level_summary.csv,load_id=I40;column=policy_aoi_p95_ms,ms,display_factor=1; decimal places=2,280.83168497574724,1,22c100c4c1215e5b807f969bbee2526565d928cc404fac785f062673a5407d2e
I40AD,tables/supporting.tex:6,-552.25,data/canonical_results/phase9_load_level_summary.csv,load_id=I40;column=delta_aoi_p95_ms,ms,display_factor=1; decimal places=2,-552.252145453953,1,22c100c4c1215e5b807f969bbee2526565d928cc404fac785f062673a5407d2e
I40WF,figures/f8_load.pdf,423.89,data/canonical_results/phase9_load_level_summary.csv,load_id=I40;column=fifo_status_wait_p95_ms,ms,display_factor=1; decimal places=2,423.88714214285676,1,22c100c4c1215e5b807f969bbee2526565d928cc404fac785f062673a5407d2e
I40WP,figures/f8_load.pdf,36.04,data/canonical_results/phase9_load_level_summary.csv,load_id=I40;column=policy_status_wait_p95_ms,ms,display_factor=1; decimal places=2,36.03657071428567,1,22c100c4c1215e5b807f969bbee2526565d928cc404fac785f062673a5407d2e
I40BGD,sections/05_results.tex:34;tables/supporting.tex:6,6.65,data/canonical_results/phase9_load_level_summary.csv,load_id=I40;column=delta_bg_p95_delay_ms,ms,display_factor=1; decimal places=2,6.65,1,22c100c4c1215e5b807f969bbee2526565d928cc404fac785f062673a5407d2e
I30AF,tables/supporting.tex:7;figures/f8_load.pdf,1020.67,data/canonical_results/phase9_load_level_summary.csv,load_id=I30;column=fifo_aoi_p95_ms,ms,display_factor=1; decimal places=2,1020.6656148272607,1,22c100c4c1215e5b807f969bbee2526565d928cc404fac785f062673a5407d2e
I30AP,tables/supporting.tex:7;figures/f8_load.pdf,289.07,data/canonical_results/phase9_load_level_summary.csv,load_id=I30;column=policy_aoi_p95_ms,ms,display_factor=1; decimal places=2,289.07200070528427,1,22c100c4c1215e5b807f969bbee2526565d928cc404fac785f062673a5407d2e
I30AD,tables/supporting.tex:7,-731.59,data/canonical_results/phase9_load_level_summary.csv,load_id=I30;column=delta_aoi_p95_ms,ms,display_factor=1; decimal places=2,-731.5936141219765,1,22c100c4c1215e5b807f969bbee2526565d928cc404fac785f062673a5407d2e
I30WF,figures/f8_load.pdf,535.54,data/canonical_results/phase9_load_level_summary.csv,load_id=I30;column=fifo_status_wait_p95_ms,ms,display_factor=1; decimal places=2,535.5446421428567,1,22c100c4c1215e5b807f969bbee2526565d928cc404fac785f062673a5407d2e
I30WP,figures/f8_load.pdf,37.95,data/canonical_results/phase9_load_level_summary.csv,load_id=I30;column=policy_status_wait_p95_ms,ms,display_factor=1; decimal places=2,37.951927857142834,1,22c100c4c1215e5b807f969bbee2526565d928cc404fac785f062673a5407d2e
I30BGD,sections/05_results.tex:34;tables/supporting.tex:7,17.95,data/canonical_results/phase9_load_level_summary.csv,load_id=I30;column=delta_bg_p95_delay_ms,ms,display_factor=1; decimal places=2,17.95,1,22c100c4c1215e5b807f969bbee2526565d928cc404fac785f062673a5407d2e
HEAVYAF,figures/f8_load.pdf,1315.59,data/canonical_results/phase9_load_level_summary.csv,load_id=HEAVY;column=fifo_aoi_p95_ms,ms,display_factor=1; decimal places=2,1315.5913919874845,1,22c100c4c1215e5b807f969bbee2526565d928cc404fac785f062673a5407d2e
HEAVYAP,figures/f8_load.pdf,316.59,data/canonical_results/phase9_load_level_summary.csv,load_id=HEAVY;column=policy_aoi_p95_ms,ms,display_factor=1; decimal places=2,316.5878031476672,1,22c100c4c1215e5b807f969bbee2526565d928cc404fac785f062673a5407d2e
HEAVYAD,available binding; not displayed,-999.00,data/canonical_results/phase9_load_level_summary.csv,load_id=HEAVY;column=delta_aoi_p95_ms,ms,display_factor=1; decimal places=2,-999.0035888398174,1,22c100c4c1215e5b807f969bbee2526565d928cc404fac785f062673a5407d2e
HEAVYWF,figures/f8_load.pdf,840.79,data/canonical_results/phase9_load_level_summary.csv,load_id=HEAVY;column=fifo_status_wait_p95_ms,ms,display_factor=1; decimal places=2,840.7866226623372,1,22c100c4c1215e5b807f969bbee2526565d928cc404fac785f062673a5407d2e
HEAVYWP,figures/f8_load.pdf,33.46,data/canonical_results/phase9_load_level_summary.csv,load_id=HEAVY;column=policy_status_wait_p95_ms,ms,display_factor=1; decimal places=2,33.46095707792205,1,22c100c4c1215e5b807f969bbee2526565d928cc404fac785f062673a5407d2e
HEAVYBGD,available binding; not displayed,36.94,data/canonical_results/phase9_load_level_summary.csv,load_id=HEAVY;column=delta_bg_p95_delay_ms,ms,display_factor=1; decimal places=2,36.94318181818182,1,22c100c4c1215e5b807f969bbee2526565d928cc404fac785f062673a5407d2e
