helper,origin,original_sha256,public_sha256,imports,input_status,execution
analysis/figures/render_evidence.py,author manuscript presentation helper,9edb414df013f5bb9c435fbdddc0b6f337d2f731d0686c1f3c700f57ab219178,aaf8b1a610d146f19690e17787b29239b22f272648288f85cff6b32ab61b56bb,csv;hashlib;json;matplotlib;pathlib,INCLUDED stored summaries,NOT EXECUTED; syntax only
analysis/historical/analysis/phase9/analyze_phase9.py,recovered working-tree helper; exact matching commits: d932033efe968819cf5b692edd85309e29549d59,f30a04d1d16219f690a7a7cd40926955e88395cab2957a5556bee0db36320edb,dd2683b00ecf7eba61a027b68c0aecff797a7d492869eea1d8d07afd115b7ea5,collections;csv;hashlib;importlib;json;math;matplotlib;numpy;pathlib;statistics,PARTIAL: raw/derived event inputs excluded,NOT EXECUTED; syntax only
analysis/historical/contrib/handover-congestion/analysis/compute-actual-aoi.py,"recovered working-tree helper; exact matching commits: ec84414f367b0f525a700c30d13986667e17e1d8,d932033efe968819cf5b692edd85309e29549d59,832d1968258e2aa4be51a3e43c55a57047f7086b",7b88ec3eeafd0727c94357885b5edd645ec3a60c091bd84e4f335bea3c4ac9bd,969f819fcb1bff3009e7d46dcd0d37fc85242395a392f7307ecd6ba0a14462f6,argparse;collections;csv;decimal;fractions;json;pathlib;sys,PARTIAL: raw/derived event inputs excluded,NOT EXECUTED; syntax only
analysis/historical/contrib/handover-congestion/analysis/phase7/phase7_extended_analysis.py,"recovered working-tree helper; exact matching commits: d932033efe968819cf5b692edd85309e29549d59,832d1968258e2aa4be51a3e43c55a57047f7086b",805ce0045150b01b192078a0414705fdc2c79d5e8ab50394fc8cd2d6d8cbb370,984926d577dad19213ca2f69cdc7442e2a8e2547620cf672841bc0249acbf3aa,__future__;argparse;collections;csv;hashlib;json;math;numpy;os;pathlib,PARTIAL: raw/derived event inputs excluded,NOT EXECUTED; syntax only
analysis/historical/contrib/handover-congestion/analysis/phase7/phase7_postprocess_and_figures.py,"recovered working-tree helper; exact matching commits: d932033efe968819cf5b692edd85309e29549d59,832d1968258e2aa4be51a3e43c55a57047f7086b",9ce1c9398188ba7ac52a8a0f0584ad340b21b6b270e39d667fdb8f2a0e1c4cea,73d075c4efba78efb0274930657b2f192ca20af35c3b06fdd67a783f43b03021,__future__;argparse;collections;csv;hashlib;json;math;matplotlib;numpy;pathlib,PARTIAL: raw/derived event inputs excluded,NOT EXECUTED; syntax only
analysis/historical/contrib/handover-congestion/analysis/pilot_support.py,"recovered working-tree helper; exact matching commits: ec84414f367b0f525a700c30d13986667e17e1d8,d932033efe968819cf5b692edd85309e29549d59,832d1968258e2aa4be51a3e43c55a57047f7086b",78700277440efe0bb3986259157473ec70d5865c47e800b702c6c55f275615cf,7c8855f0c464531057688ca21e6c6e8d1eb3fbcbdf52b12e5dfd75adb0337e11,collections;csv;json;math;pathlib;statistics,PARTIAL: raw/derived event inputs excluded,NOT EXECUTED; syntax only
analysis/historical/contrib/handover-congestion/analysis/reconstruct-congestion-state.py,"recovered working-tree helper; exact matching commits: ec84414f367b0f525a700c30d13986667e17e1d8,d932033efe968819cf5b692edd85309e29549d59,832d1968258e2aa4be51a3e43c55a57047f7086b",0030b357d402f5869c214cb41bc913a6340a98882641c3582b9e368912a40614,c007f09b08d224c61a470b268cb5f8b5e66046965dc42ffd55878387835ea4c2,argparse;collections;csv;json;pathlib;sys,PARTIAL: raw/derived event inputs excluded,NOT EXECUTED; syntax only
analysis/historical/contrib/handover-congestion/analysis/reconstruct-packets.py,"recovered working-tree helper; exact matching commits: ec84414f367b0f525a700c30d13986667e17e1d8,d932033efe968819cf5b692edd85309e29549d59,832d1968258e2aa4be51a3e43c55a57047f7086b",4919d7a10b460f25420a340b43346ec1c63a742acf79ff954faee8962bb453df,fde601c4cb13243deac84a9f5cbdca64a0764054373536cb7794831cc8742ab1,argparse;collections;csv;pathlib;sys,PARTIAL: raw/derived event inputs excluded,NOT EXECUTED; syntax only
analysis/historical/contrib/handover-congestion/analysis/summarize-followup-pilot.py,"recovered working-tree helper; exact matching commits: ec84414f367b0f525a700c30d13986667e17e1d8,d932033efe968819cf5b692edd85309e29549d59,832d1968258e2aa4be51a3e43c55a57047f7086b",3192093a2c7459c7a4cede02fc50d4e662073d2b47fb455ee3e5f85281084b62,08e33f6788919aab5e66bb4c69df254a6d468700d4a0fc576a805c9414504a67,bisect;collections;csv;fractions;hashlib;json;math;pathlib;statistics,PARTIAL: raw/derived event inputs excluded,NOT EXECUTED; syntax only
analysis/historical/contrib/handover-congestion/analysis/validate-packet-lineage.py,"recovered working-tree helper; exact matching commits: ec84414f367b0f525a700c30d13986667e17e1d8,d932033efe968819cf5b692edd85309e29549d59,832d1968258e2aa4be51a3e43c55a57047f7086b",55fca34f81733a3dffc050316d6aa308e00249c84b1c1fb9bfa74e120c2878bf,fbd8a45cec46d338dfaec1cd99639135952157c8ffce2d05660be5743513f697,argparse;collections;csv;json;pathlib;sys,PARTIAL: raw/derived event inputs excluded,NOT EXECUTED; syntax only
analysis/historical/contrib/handover-congestion/analysis/validate-policy-decisions.py,"recovered working-tree helper; exact matching commits: ec84414f367b0f525a700c30d13986667e17e1d8,d932033efe968819cf5b692edd85309e29549d59,832d1968258e2aa4be51a3e43c55a57047f7086b",f77daf8283bd733d0b695f21375b041d35de5af51df4c04e106f1f58ddc58e4a,1bf6770918abbf0e5faac2825f41cd6069ab33c8d386ce548c949c9e8b0c9411,argparse;collections;csv;json;pathlib;sys,PARTIAL: raw/derived event inputs excluded,NOT EXECUTED; syntax only
analysis/statistics/analyze_followup_production.py,Recovered successful project helper; not Git-tracked,0b4b6a97a6bb0b566d530d8e966249b115d0c2e8fba0e490e09037b8f8c3adf5,8d0a3654dd7fbf1b219248aaef07f66bf646d649711f20d9bd6832d4c00a22ef,csv;json;math;mpmath;numpy;pathlib;statistics,INCLUDED stored summaries,NOT EXECUTED; syntax only
analysis/statistics/summarize_followup_production.py,Recovered successful project helper; not Git-tracked,17341ac44bfb3f81144bbf7ec963597a9efd94cf00936b78a3362596b1ef48bd,fd0a6c022b0cc2801f62f457dc0a33e5eed0a0efc05e2709e956d5d4201aca98,collections;concurrent;csv;importlib;json;math;pathlib;statistics;sys;time,PARTIAL: raw/derived event inputs excluded,NOT EXECUTED; syntax only
reproduction/verify_package.py,new read-only package verifier,,02e6df6b5c6de45127463d6c1b21a76ac42d0b567d1cfb96450a0336a7e930ca,ast;csv;decimal;hashlib;json;pathlib;re;sys,INCLUDED stored summaries,file/hash/cell inspection only
