path,origin,upstream_or_project,license,modification_status,verified_date_source,release_authorization_basis,sha256
ns3/custom_source/contrib/handover-congestion/CMakeLists.txt,Production Git ec84414f367b0f525a700c30d13986667e17e1d8:contrib/handover-congestion/CMakeLists.txt,PROJECT_CONTROLLED_CONFIRMED,GPL-2.0-only,Public license/notice comments added; scientific logic unchanged,Source revisions: 23404c289153f4efe0cc0d37d387c4275048e856 2026-09-02T12:00:03+09:00; 56fd34342a17595a0c103f2647c835c063e6918c 2026-09-02T12:09:12+09:00; f168a27f5bcdee63eaf6534fd26a371cd912c907 2026-09-02T18:42:55+09:00; 96850dba2a98c6e691ed71125f97031865fda10b 2026-09-02T18:47:11+09:00; 2fad3c6b0a209edc52d019b7d75f5fcbe00a3947 2026-09-02T18:56:33+09:00; 9187ea8c3323fff5df82c376b4292e604d8533a1 2026-09-04T16:54:57+09:00; 812d1cd8097192bceb2416de9802b6aa5405ee0b 2026-09-04T17:12:30+09:00; packaging annotation 2026-09-27,Project-controlled contributions: coauthor/laboratory release authorization; upstream terms preserved,9999a7c384c97c5567b3587c3318ed426ab4a449aa6a1d021e14382e87d6a2d1
ns3/custom_source/contrib/handover-congestion/examples/CMakeLists.txt,Production Git ec84414f367b0f525a700c30d13986667e17e1d8:contrib/handover-congestion/examples/CMakeLists.txt,PROJECT_CONTROLLED_CONFIRMED,GPL-2.0-only,Public license/notice comments added; scientific logic unchanged,Source revisions: 56fd34342a17595a0c103f2647c835c063e6918c 2026-09-02T12:09:12+09:00; packaging annotation 2026-09-27,Project-controlled contributions: coauthor/laboratory release authorization; upstream terms preserved,cb3460a5df35a74ede4180c2d3d38ff3b69a27fa9f791294e2d4bd51f8695f8b
ns3/custom_source/contrib/handover-congestion/examples/handover-congestion-baseline.cc,Production Git ec84414f367b0f525a700c30d13986667e17e1d8:contrib/handover-congestion/examples/handover-congestion-baseline.cc,PROJECT_CONTROLLED_CONFIRMED,GPL-2.0-only,Public license/notice comments added; scientific logic unchanged,Source revisions: 23404c289153f4efe0cc0d37d387c4275048e856 2026-09-02T12:00:03+09:00; f168a27f5bcdee63eaf6534fd26a371cd912c907 2026-09-02T18:42:55+09:00; 96850dba2a98c6e691ed71125f97031865fda10b 2026-09-02T18:47:11+09:00; 2fad3c6b0a209edc52d019b7d75f5fcbe00a3947 2026-09-02T18:56:33+09:00; 9187ea8c3323fff5df82c376b4292e604d8533a1 2026-09-04T16:54:57+09:00; 812d1cd8097192bceb2416de9802b6aa5405ee0b 2026-09-04T17:12:30+09:00; d7c2af6e0e755916e4206d8299e8563ed89cacf9 2026-09-04T17:31:24+09:00; packaging annotation 2026-09-27,Project-controlled contributions: coauthor/laboratory release authorization; upstream terms preserved,ff93006e63b0d986353091e8d9c8000452f38f0fad2e8b18693247b147410006
ns3/custom_source/contrib/handover-congestion/model/application-trace-collector.cc,Production Git ec84414f367b0f525a700c30d13986667e17e1d8:contrib/handover-congestion/model/application-trace-collector.cc,PROJECT_CONTROLLED_CONFIRMED,GPL-2.0-only,Public license/notice comments added; scientific logic unchanged,Source revisions: f168a27f5bcdee63eaf6534fd26a371cd912c907 2026-09-02T18:42:55+09:00; packaging annotation 2026-09-27,Project-controlled contributions: coauthor/laboratory release authorization; upstream terms preserved,7992236db954c4f739bce4b0d32d759b3ff60cd356aabf20e1aa7698fa015ada
ns3/custom_source/contrib/handover-congestion/model/application-trace-collector.h,Production Git ec84414f367b0f525a700c30d13986667e17e1d8:contrib/handover-congestion/model/application-trace-collector.h,PROJECT_CONTROLLED_CONFIRMED,GPL-2.0-only,Public license/notice comments added; scientific logic unchanged,Source revisions: f168a27f5bcdee63eaf6534fd26a371cd912c907 2026-09-02T18:42:55+09:00; packaging annotation 2026-09-27,Project-controlled contributions: coauthor/laboratory release authorization; upstream terms preserved,33a917f609c609bb1a09a62f2f849f4dfe66c8c633c3e3410ddbe1f386fbebfb
ns3/custom_source/contrib/handover-congestion/model/baseline-trace-collector.cc,Production Git ec84414f367b0f525a700c30d13986667e17e1d8:contrib/handover-congestion/model/baseline-trace-collector.cc,PROJECT_CONTROLLED_CONFIRMED,GPL-2.0-only,Public license/notice comments added; scientific logic unchanged,Source revisions: 23404c289153f4efe0cc0d37d387c4275048e856 2026-09-02T12:00:03+09:00; packaging annotation 2026-09-27,Project-controlled contributions: coauthor/laboratory release authorization; upstream terms preserved,bc3fd67dfa8058cef10172abbd3876e2a0deda4742a8975e9d55296dc6f3d8e3
ns3/custom_source/contrib/handover-congestion/model/baseline-trace-collector.h,Production Git ec84414f367b0f525a700c30d13986667e17e1d8:contrib/handover-congestion/model/baseline-trace-collector.h,PROJECT_CONTROLLED_CONFIRMED,GPL-2.0-only,Public license/notice comments added; scientific logic unchanged,Source revisions: 23404c289153f4efe0cc0d37d387c4275048e856 2026-09-02T12:00:03+09:00; packaging annotation 2026-09-27,Project-controlled contributions: coauthor/laboratory release authorization; upstream terms preserved,e61de9511bd6e7ea4e6fd08a7ab5eed8842558a21cad2dc185f8d5840b4a9dda
ns3/custom_source/contrib/handover-congestion/model/detailed-handover-event-collector.cc,Production Git ec84414f367b0f525a700c30d13986667e17e1d8:contrib/handover-congestion/model/detailed-handover-event-collector.cc,PROJECT_CONTROLLED_CONFIRMED,GPL-2.0-only,Public license/notice comments added; scientific logic unchanged,Source revisions: 96850dba2a98c6e691ed71125f97031865fda10b 2026-09-02T18:47:11+09:00; packaging annotation 2026-09-27,Project-controlled contributions: coauthor/laboratory release authorization; upstream terms preserved,355d116bf6399864eac13d95f047ee5ff346bb33bc319cc03eb806c569bc42c9
ns3/custom_source/contrib/handover-congestion/model/detailed-handover-event-collector.h,Production Git ec84414f367b0f525a700c30d13986667e17e1d8:contrib/handover-congestion/model/detailed-handover-event-collector.h,PROJECT_CONTROLLED_CONFIRMED,GPL-2.0-only,Public license/notice comments added; scientific logic unchanged,Source revisions: 96850dba2a98c6e691ed71125f97031865fda10b 2026-09-02T18:47:11+09:00; packaging annotation 2026-09-27,Project-controlled contributions: coauthor/laboratory release authorization; upstream terms preserved,c0b3d7dd5f398e989ab9bca3e175a309ae8d1e10dcca630a3e9fb85a3433d443
ns3/custom_source/contrib/handover-congestion/model/experiment-config.cc,Production Git ec84414f367b0f525a700c30d13986667e17e1d8:contrib/handover-congestion/model/experiment-config.cc,PROJECT_CONTROLLED_CONFIRMED,GPL-2.0-only,Public license/notice comments added; scientific logic unchanged,Source revisions: 23404c289153f4efe0cc0d37d387c4275048e856 2026-09-02T12:00:03+09:00; f168a27f5bcdee63eaf6534fd26a371cd912c907 2026-09-02T18:42:55+09:00; 96850dba2a98c6e691ed71125f97031865fda10b 2026-09-02T18:47:11+09:00; 2fad3c6b0a209edc52d019b7d75f5fcbe00a3947 2026-09-02T18:56:33+09:00; 9187ea8c3323fff5df82c376b4292e604d8533a1 2026-09-04T16:54:57+09:00; 812d1cd8097192bceb2416de9802b6aa5405ee0b 2026-09-04T17:12:30+09:00; d7c2af6e0e755916e4206d8299e8563ed89cacf9 2026-09-04T17:31:24+09:00; packaging annotation 2026-09-27,Project-controlled contributions: coauthor/laboratory release authorization; upstream terms preserved,19e47de415d4c5219175fcdaae16fa637962659350871aeb12b78bad2ac2a233
ns3/custom_source/contrib/handover-congestion/model/experiment-config.h,Production Git ec84414f367b0f525a700c30d13986667e17e1d8:contrib/handover-congestion/model/experiment-config.h,PROJECT_CONTROLLED_CONFIRMED,GPL-2.0-only,Public license/notice comments added; scientific logic unchanged,Source revisions: 23404c289153f4efe0cc0d37d387c4275048e856 2026-09-02T12:00:03+09:00; f168a27f5bcdee63eaf6534fd26a371cd912c907 2026-09-02T18:42:55+09:00; 96850dba2a98c6e691ed71125f97031865fda10b 2026-09-02T18:47:11+09:00; 2fad3c6b0a209edc52d019b7d75f5fcbe00a3947 2026-09-02T18:56:33+09:00; 9187ea8c3323fff5df82c376b4292e604d8533a1 2026-09-04T16:54:57+09:00; 812d1cd8097192bceb2416de9802b6aa5405ee0b 2026-09-04T17:12:30+09:00; d7c2af6e0e755916e4206d8299e8563ed89cacf9 2026-09-04T17:31:24+09:00; packaging annotation 2026-09-27,Project-controlled contributions: coauthor/laboratory release authorization; upstream terms preserved,33ec6b4a542371acd0f2f6dc172c21640af78626329b45058039824a09b8cd3d
ns3/custom_source/contrib/handover-congestion/model/flow-metrics.cc,Production Git ec84414f367b0f525a700c30d13986667e17e1d8:contrib/handover-congestion/model/flow-metrics.cc,PROJECT_CONTROLLED_CONFIRMED,GPL-2.0-only,Public license/notice comments added; scientific logic unchanged,Source revisions: 23404c289153f4efe0cc0d37d387c4275048e856 2026-09-02T12:00:03+09:00; 56fd34342a17595a0c103f2647c835c063e6918c 2026-09-02T12:09:12+09:00; packaging annotation 2026-09-27,Project-controlled contributions: coauthor/laboratory release authorization; upstream terms preserved,fbb45d8ee6f8ae203d116a7a5a908414d7a5aba9c51458361d4febbb53c4c374
ns3/custom_source/contrib/handover-congestion/model/flow-metrics.h,Production Git ec84414f367b0f525a700c30d13986667e17e1d8:contrib/handover-congestion/model/flow-metrics.h,PROJECT_CONTROLLED_CONFIRMED,GPL-2.0-only,Public license/notice comments added; scientific logic unchanged,Source revisions: 23404c289153f4efe0cc0d37d387c4275048e856 2026-09-02T12:00:03+09:00; packaging annotation 2026-09-27,Project-controlled contributions: coauthor/laboratory release authorization; upstream terms preserved,8a7911c3ee53957166ecc9a627b10a116a6a85f01a54b4b9ce92c5eba3904a88
ns3/custom_source/contrib/handover-congestion/model/lte-network-builder.cc,Production Git ec84414f367b0f525a700c30d13986667e17e1d8:contrib/handover-congestion/model/lte-network-builder.cc,PROJECT_CONTROLLED_CONFIRMED,GPL-2.0-only,Public license/notice comments added; scientific logic unchanged,Source revisions: 23404c289153f4efe0cc0d37d387c4275048e856 2026-09-02T12:00:03+09:00; 812d1cd8097192bceb2416de9802b6aa5405ee0b 2026-09-04T17:12:30+09:00; d7c2af6e0e755916e4206d8299e8563ed89cacf9 2026-09-04T17:31:24+09:00; packaging annotation 2026-09-27,Project-controlled contributions: coauthor/laboratory release authorization; upstream terms preserved,9e9f9a0de5dac729d9e3c5610b82e064bec3f3f40d5f6c73afc6df3d53f71ae6
ns3/custom_source/contrib/handover-congestion/model/lte-network-builder.h,Production Git ec84414f367b0f525a700c30d13986667e17e1d8:contrib/handover-congestion/model/lte-network-builder.h,PROJECT_CONTROLLED_CONFIRMED,GPL-2.0-only,Public license/notice comments added; scientific logic unchanged,Source revisions: 23404c289153f4efe0cc0d37d387c4275048e856 2026-09-02T12:00:03+09:00; d7c2af6e0e755916e4206d8299e8563ed89cacf9 2026-09-04T17:31:24+09:00; packaging annotation 2026-09-27,Project-controlled contributions: coauthor/laboratory release authorization; upstream terms preserved,6d40e28c633c828ad657bdacb85d98f41b07280f5ce91d4090fef70f0cc1f8ee
ns3/custom_source/contrib/handover-congestion/model/packet-lineage-trace-collector.cc,Production Git ec84414f367b0f525a700c30d13986667e17e1d8:contrib/handover-congestion/model/packet-lineage-trace-collector.cc,PROJECT_CONTROLLED_CONFIRMED,GPL-2.0-only,Public license/notice comments added; scientific logic unchanged,Source revisions: 9187ea8c3323fff5df82c376b4292e604d8533a1 2026-09-04T16:54:57+09:00; packaging annotation 2026-09-27,Project-controlled contributions: coauthor/laboratory release authorization; upstream terms preserved,bf4d46915abfc428f3de0b95887d1e9ba9f9989620a1ad531406a6afdfebc984
ns3/custom_source/contrib/handover-congestion/model/packet-lineage-trace-collector.h,Production Git ec84414f367b0f525a700c30d13986667e17e1d8:contrib/handover-congestion/model/packet-lineage-trace-collector.h,PROJECT_CONTROLLED_CONFIRMED,GPL-2.0-only,Public license/notice comments added; scientific logic unchanged,Source revisions: 9187ea8c3323fff5df82c376b4292e604d8533a1 2026-09-04T16:54:57+09:00; packaging annotation 2026-09-27,Project-controlled contributions: coauthor/laboratory release authorization; upstream terms preserved,482095398ce6a81c986186bde15c33c5790ffbb47a782da2cd7ead6a4177de63
ns3/custom_source/contrib/handover-congestion/model/result-writer.cc,Production Git ec84414f367b0f525a700c30d13986667e17e1d8:contrib/handover-congestion/model/result-writer.cc,PROJECT_CONTROLLED_CONFIRMED,GPL-2.0-only,Public license/notice comments added; scientific logic unchanged,Source revisions: 23404c289153f4efe0cc0d37d387c4275048e856 2026-09-02T12:00:03+09:00; 56fd34342a17595a0c103f2647c835c063e6918c 2026-09-02T12:09:12+09:00; f168a27f5bcdee63eaf6534fd26a371cd912c907 2026-09-02T18:42:55+09:00; 96850dba2a98c6e691ed71125f97031865fda10b 2026-09-02T18:47:11+09:00; 2fad3c6b0a209edc52d019b7d75f5fcbe00a3947 2026-09-02T18:56:33+09:00; 95a4b11c51f8d1fc298a6021ceeeb016a4ef94ca 2026-09-02T20:25:28+09:00; b9cd7f434f07e5083ca8746a590d2ad84d7cb878 2026-09-02T20:49:14+09:00; 9187ea8c3323fff5df82c376b4292e604d8533a1 2026-09-04T16:54:57+09:00; 812d1cd8097192bceb2416de9802b6aa5405ee0b 2026-09-04T17:12:30+09:00; d7c2af6e0e755916e4206d8299e8563ed89cacf9 2026-09-04T17:31:24+09:00; packaging annotation 2026-09-27,Project-controlled contributions: coauthor/laboratory release authorization; upstream terms preserved,188d1ce2aeaa92caeae7fbb82e57596dccee66b671f7bfc8bb94e9a39fffe49f
ns3/custom_source/contrib/handover-congestion/model/result-writer.h,Production Git ec84414f367b0f525a700c30d13986667e17e1d8:contrib/handover-congestion/model/result-writer.h,PROJECT_CONTROLLED_CONFIRMED,GPL-2.0-only,Public license/notice comments added; scientific logic unchanged,Source revisions: 23404c289153f4efe0cc0d37d387c4275048e856 2026-09-02T12:00:03+09:00; f168a27f5bcdee63eaf6534fd26a371cd912c907 2026-09-02T18:42:55+09:00; 96850dba2a98c6e691ed71125f97031865fda10b 2026-09-02T18:47:11+09:00; 2fad3c6b0a209edc52d019b7d75f5fcbe00a3947 2026-09-02T18:56:33+09:00; 9187ea8c3323fff5df82c376b4292e604d8533a1 2026-09-04T16:54:57+09:00; 812d1cd8097192bceb2416de9802b6aa5405ee0b 2026-09-04T17:12:30+09:00; d7c2af6e0e755916e4206d8299e8563ed89cacf9 2026-09-04T17:31:24+09:00; packaging annotation 2026-09-27,Project-controlled contributions: coauthor/laboratory release authorization; upstream terms preserved,1ce37dfb895e7f4de8117087e846d9f85d111becefba4ec9d26937a49b2ab3f8
ns3/custom_source/contrib/handover-congestion/model/rlc-lineage-trace-collector.cc,Production Git ec84414f367b0f525a700c30d13986667e17e1d8:contrib/handover-congestion/model/rlc-lineage-trace-collector.cc,PROJECT_CONTROLLED_CONFIRMED,GPL-2.0-only,Public license/notice comments added; scientific logic unchanged,Source revisions: 9187ea8c3323fff5df82c376b4292e604d8533a1 2026-09-04T16:54:57+09:00; d118456d09b579cb30a98cf1a577d0046a24e640 2026-09-04T17:35:56+09:00; packaging annotation 2026-09-27,Project-controlled contributions: coauthor/laboratory release authorization; upstream terms preserved,080dd1748316d2cf463c9127da946755848cfb8f42a134168ead17124fde2499
ns3/custom_source/contrib/handover-congestion/model/rlc-lineage-trace-collector.h,Production Git ec84414f367b0f525a700c30d13986667e17e1d8:contrib/handover-congestion/model/rlc-lineage-trace-collector.h,PROJECT_CONTROLLED_CONFIRMED,GPL-2.0-only,Public license/notice comments added; scientific logic unchanged,Source revisions: 9187ea8c3323fff5df82c376b4292e604d8533a1 2026-09-04T16:54:57+09:00; packaging annotation 2026-09-27,Project-controlled contributions: coauthor/laboratory release authorization; upstream terms preserved,221b0ccf6205c786490387695c397161136a2d5746f2016efa2239ced58ed1da
ns3/custom_source/contrib/handover-congestion/model/rlc-policy-decision-trace-collector.cc,Production Git ec84414f367b0f525a700c30d13986667e17e1d8:contrib/handover-congestion/model/rlc-policy-decision-trace-collector.cc,PROJECT_CONTROLLED_CONFIRMED,GPL-2.0-only,Public license/notice comments added; scientific logic unchanged,Source revisions: 812d1cd8097192bceb2416de9802b6aa5405ee0b 2026-09-04T17:12:30+09:00; packaging annotation 2026-09-27,Project-controlled contributions: coauthor/laboratory release authorization; upstream terms preserved,c0deb531b9d8aa681d8dea00bd548c3452dd965add5dc4e153a44e59c9608821
ns3/custom_source/contrib/handover-congestion/model/rlc-policy-decision-trace-collector.h,Production Git ec84414f367b0f525a700c30d13986667e17e1d8:contrib/handover-congestion/model/rlc-policy-decision-trace-collector.h,PROJECT_CONTROLLED_CONFIRMED,GPL-2.0-only,Public license/notice comments added; scientific logic unchanged,Source revisions: 812d1cd8097192bceb2416de9802b6aa5405ee0b 2026-09-04T17:12:30+09:00; packaging annotation 2026-09-27,Project-controlled contributions: coauthor/laboratory release authorization; upstream terms preserved,6105ce171329c147f5d24f27d2b8c9691af1a1ac9853aa926f346563e1fe4f1d
ns3/custom_source/contrib/handover-congestion/model/rlc-queue-trace-collector.cc,Production Git ec84414f367b0f525a700c30d13986667e17e1d8:contrib/handover-congestion/model/rlc-queue-trace-collector.cc,PROJECT_CONTROLLED_CONFIRMED,GPL-2.0-only,Public license/notice comments added; scientific logic unchanged,Source revisions: 2fad3c6b0a209edc52d019b7d75f5fcbe00a3947 2026-09-02T18:56:33+09:00; packaging annotation 2026-09-27,Project-controlled contributions: coauthor/laboratory release authorization; upstream terms preserved,2ee6b1e2f2db22b2df775c12e4689924c29ed53582abab43a0e826885d12ac49
ns3/custom_source/contrib/handover-congestion/model/rlc-queue-trace-collector.h,Production Git ec84414f367b0f525a700c30d13986667e17e1d8:contrib/handover-congestion/model/rlc-queue-trace-collector.h,PROJECT_CONTROLLED_CONFIRMED,GPL-2.0-only,Public license/notice comments added; scientific logic unchanged,Source revisions: 2fad3c6b0a209edc52d019b7d75f5fcbe00a3947 2026-09-02T18:56:33+09:00; packaging annotation 2026-09-27,Project-controlled contributions: coauthor/laboratory release authorization; upstream terms preserved,c05bc441886e25c8ca2871688b2e52e0596b4c79b22fa4f97856c2a8236338fa
ns3/custom_source/contrib/handover-congestion/model/scenario-builder.cc,Production Git ec84414f367b0f525a700c30d13986667e17e1d8:contrib/handover-congestion/model/scenario-builder.cc,PROJECT_CONTROLLED_CONFIRMED,GPL-2.0-only,Public license/notice comments added; scientific logic unchanged,Source revisions: 23404c289153f4efe0cc0d37d387c4275048e856 2026-09-02T12:00:03+09:00; d7c2af6e0e755916e4206d8299e8563ed89cacf9 2026-09-04T17:31:24+09:00; packaging annotation 2026-09-27,Project-controlled contributions: coauthor/laboratory release authorization; upstream terms preserved,48e2521b43bc59d591f512a429caa4ac3c8138929d15c6c17f40008e72d008fb
ns3/custom_source/contrib/handover-congestion/model/scenario-builder.h,Production Git ec84414f367b0f525a700c30d13986667e17e1d8:contrib/handover-congestion/model/scenario-builder.h,PROJECT_CONTROLLED_CONFIRMED,GPL-2.0-only,Public license/notice comments added; scientific logic unchanged,Source revisions: 23404c289153f4efe0cc0d37d387c4275048e856 2026-09-02T12:00:03+09:00; d7c2af6e0e755916e4206d8299e8563ed89cacf9 2026-09-04T17:31:24+09:00; packaging annotation 2026-09-27,Project-controlled contributions: coauthor/laboratory release authorization; upstream terms preserved,746ee02ee1f0a74c1a9911fc46b3738b86772c77a241b0bd646d26e301932d5d
ns3/custom_source/contrib/handover-congestion/model/traffic-installer.cc,Production Git ec84414f367b0f525a700c30d13986667e17e1d8:contrib/handover-congestion/model/traffic-installer.cc,PROJECT_CONTROLLED_CONFIRMED,GPL-2.0-only,Public license/notice comments added; scientific logic unchanged,Source revisions: 23404c289153f4efe0cc0d37d387c4275048e856 2026-09-02T12:00:03+09:00; f168a27f5bcdee63eaf6534fd26a371cd912c907 2026-09-02T18:42:55+09:00; packaging annotation 2026-09-27,Project-controlled contributions: coauthor/laboratory release authorization; upstream terms preserved,c111133471b786e2f3d6622bb186fb531d3dc890168e4fbea363ea168691278a
ns3/custom_source/contrib/handover-congestion/model/traffic-installer.h,Production Git ec84414f367b0f525a700c30d13986667e17e1d8:contrib/handover-congestion/model/traffic-installer.h,PROJECT_CONTROLLED_CONFIRMED,GPL-2.0-only,Public license/notice comments added; scientific logic unchanged,Source revisions: 23404c289153f4efe0cc0d37d387c4275048e856 2026-09-02T12:00:03+09:00; f168a27f5bcdee63eaf6534fd26a371cd912c907 2026-09-02T18:42:55+09:00; packaging annotation 2026-09-27,Project-controlled contributions: coauthor/laboratory release authorization; upstream terms preserved,efb377d3c3e4e4a3039935e3b34dadf4fea1723d19831d5e3aafa0b11f234258
ns3/custom_source/contrib/handover-congestion/test/handover-congestion-config-test.cc,Production Git ec84414f367b0f525a700c30d13986667e17e1d8:contrib/handover-congestion/test/handover-congestion-config-test.cc,PROJECT_CONTROLLED_CONFIRMED,GPL-2.0-only,Public license/notice comments added; scientific logic unchanged,Source revisions: 23404c289153f4efe0cc0d37d387c4275048e856 2026-09-02T12:00:03+09:00; f168a27f5bcdee63eaf6534fd26a371cd912c907 2026-09-02T18:42:55+09:00; 96850dba2a98c6e691ed71125f97031865fda10b 2026-09-02T18:47:11+09:00; 2fad3c6b0a209edc52d019b7d75f5fcbe00a3947 2026-09-02T18:56:33+09:00; 2abbcc23bd883fb6ef7dbc19fd1ee48b31b931c5 2026-09-04T17:12:45+09:00; d7c2af6e0e755916e4206d8299e8563ed89cacf9 2026-09-04T17:31:24+09:00; packaging annotation 2026-09-27,Project-controlled contributions: coauthor/laboratory release authorization; upstream terms preserved,0c1adcdf4d1c7a32c0e1708f37d3855b16daf7b8d069049fe897e1018c5ce9be
ns3/custom_source/contrib/handover-congestion/test/packet-lineage-test.cc,Production Git ec84414f367b0f525a700c30d13986667e17e1d8:contrib/handover-congestion/test/packet-lineage-test.cc,PROJECT_CONTROLLED_CONFIRMED,GPL-2.0-only,Public license/notice comments added; scientific logic unchanged,Source revisions: 9187ea8c3323fff5df82c376b4292e604d8533a1 2026-09-04T16:54:57+09:00; 2abbcc23bd883fb6ef7dbc19fd1ee48b31b931c5 2026-09-04T17:12:45+09:00; packaging annotation 2026-09-27,Project-controlled contributions: coauthor/laboratory release authorization; upstream terms preserved,ef78f7ffea23983ea6e8f98e5f3ab9e0be53c36d8e9f82cdd1e55742efcf86b8
analysis/figures/render_evidence.py,author manuscript presentation helper,PROJECT_CONTROLLED_CONFIRMED,GPL-2.0-only,Public license/notice comments added; scientific logic unchanged,"Packaging annotation 2026-09-27; recovery is provenance, not an inferred creation date",Project-controlled contributions: coauthor/laboratory release authorization; upstream terms preserved,aaf8b1a610d146f19690e17787b29239b22f272648288f85cff6b32ab61b56bb
analysis/historical/analysis/phase9/analyze_phase9.py,recovered working-tree helper; exact matching commits: d932033efe968819cf5b692edd85309e29549d59,PROJECT_CONTROLLED_CONFIRMED,GPL-2.0-only,Public license/notice comments added; scientific logic unchanged,"Packaging annotation 2026-09-27; recovery is provenance, not an inferred creation date",Project-controlled contributions: coauthor/laboratory release authorization; upstream terms preserved,dd2683b00ecf7eba61a027b68c0aecff797a7d492869eea1d8d07afd115b7ea5
analysis/historical/contrib/handover-congestion/analysis/compute-actual-aoi.py,"recovered working-tree helper; exact matching commits: ec84414f367b0f525a700c30d13986667e17e1d8,d932033efe968819cf5b692edd85309e29549d59,832d1968258e2aa4be51a3e43c55a57047f7086b",PROJECT_CONTROLLED_CONFIRMED,GPL-2.0-only,Public license/notice comments added; scientific logic unchanged,"Packaging annotation 2026-09-27; recovery is provenance, not an inferred creation date",Project-controlled contributions: coauthor/laboratory release authorization; upstream terms preserved,969f819fcb1bff3009e7d46dcd0d37fc85242395a392f7307ecd6ba0a14462f6
analysis/historical/contrib/handover-congestion/analysis/phase7/phase7_extended_analysis.py,"recovered working-tree helper; exact matching commits: d932033efe968819cf5b692edd85309e29549d59,832d1968258e2aa4be51a3e43c55a57047f7086b",PROJECT_CONTROLLED_CONFIRMED,GPL-2.0-only,Public license/notice comments added; scientific logic unchanged,"Packaging annotation 2026-09-27; recovery is provenance, not an inferred creation date",Project-controlled contributions: coauthor/laboratory release authorization; upstream terms preserved,984926d577dad19213ca2f69cdc7442e2a8e2547620cf672841bc0249acbf3aa
analysis/historical/contrib/handover-congestion/analysis/phase7/phase7_postprocess_and_figures.py,"recovered working-tree helper; exact matching commits: d932033efe968819cf5b692edd85309e29549d59,832d1968258e2aa4be51a3e43c55a57047f7086b",PROJECT_CONTROLLED_CONFIRMED,GPL-2.0-only,Public license/notice comments added; scientific logic unchanged,"Packaging annotation 2026-09-27; recovery is provenance, not an inferred creation date",Project-controlled contributions: coauthor/laboratory release authorization; upstream terms preserved,73d075c4efba78efb0274930657b2f192ca20af35c3b06fdd67a783f43b03021
analysis/historical/contrib/handover-congestion/analysis/pilot_support.py,"recovered working-tree helper; exact matching commits: ec84414f367b0f525a700c30d13986667e17e1d8,d932033efe968819cf5b692edd85309e29549d59,832d1968258e2aa4be51a3e43c55a57047f7086b",PROJECT_CONTROLLED_CONFIRMED,GPL-2.0-only,Public license/notice comments added; scientific logic unchanged,"Packaging annotation 2026-09-27; recovery is provenance, not an inferred creation date",Project-controlled contributions: coauthor/laboratory release authorization; upstream terms preserved,7c8855f0c464531057688ca21e6c6e8d1eb3fbcbdf52b12e5dfd75adb0337e11
analysis/historical/contrib/handover-congestion/analysis/reconstruct-congestion-state.py,"recovered working-tree helper; exact matching commits: ec84414f367b0f525a700c30d13986667e17e1d8,d932033efe968819cf5b692edd85309e29549d59,832d1968258e2aa4be51a3e43c55a57047f7086b",PROJECT_CONTROLLED_CONFIRMED,GPL-2.0-only,Public license/notice comments added; scientific logic unchanged,"Packaging annotation 2026-09-27; recovery is provenance, not an inferred creation date",Project-controlled contributions: coauthor/laboratory release authorization; upstream terms preserved,c007f09b08d224c61a470b268cb5f8b5e66046965dc42ffd55878387835ea4c2
analysis/historical/contrib/handover-congestion/analysis/reconstruct-packets.py,"recovered working-tree helper; exact matching commits: ec84414f367b0f525a700c30d13986667e17e1d8,d932033efe968819cf5b692edd85309e29549d59,832d1968258e2aa4be51a3e43c55a57047f7086b",PROJECT_CONTROLLED_CONFIRMED,GPL-2.0-only,Public license/notice comments added; scientific logic unchanged,"Packaging annotation 2026-09-27; recovery is provenance, not an inferred creation date",Project-controlled contributions: coauthor/laboratory release authorization; upstream terms preserved,fde601c4cb13243deac84a9f5cbdca64a0764054373536cb7794831cc8742ab1
analysis/historical/contrib/handover-congestion/analysis/summarize-followup-pilot.py,"recovered working-tree helper; exact matching commits: ec84414f367b0f525a700c30d13986667e17e1d8,d932033efe968819cf5b692edd85309e29549d59,832d1968258e2aa4be51a3e43c55a57047f7086b",PROJECT_CONTROLLED_CONFIRMED,GPL-2.0-only,Public license/notice comments added; scientific logic unchanged,"Packaging annotation 2026-09-27; recovery is provenance, not an inferred creation date",Project-controlled contributions: coauthor/laboratory release authorization; upstream terms preserved,08e33f6788919aab5e66bb4c69df254a6d468700d4a0fc576a805c9414504a67
analysis/historical/contrib/handover-congestion/analysis/validate-packet-lineage.py,"recovered working-tree helper; exact matching commits: ec84414f367b0f525a700c30d13986667e17e1d8,d932033efe968819cf5b692edd85309e29549d59,832d1968258e2aa4be51a3e43c55a57047f7086b",PROJECT_CONTROLLED_CONFIRMED,GPL-2.0-only,Public license/notice comments added; scientific logic unchanged,"Packaging annotation 2026-09-27; recovery is provenance, not an inferred creation date",Project-controlled contributions: coauthor/laboratory release authorization; upstream terms preserved,fbd8a45cec46d338dfaec1cd99639135952157c8ffce2d05660be5743513f697
analysis/historical/contrib/handover-congestion/analysis/validate-policy-decisions.py,"recovered working-tree helper; exact matching commits: ec84414f367b0f525a700c30d13986667e17e1d8,d932033efe968819cf5b692edd85309e29549d59,832d1968258e2aa4be51a3e43c55a57047f7086b",PROJECT_CONTROLLED_CONFIRMED,GPL-2.0-only,Public license/notice comments added; scientific logic unchanged,"Packaging annotation 2026-09-27; recovery is provenance, not an inferred creation date",Project-controlled contributions: coauthor/laboratory release authorization; upstream terms preserved,1bf6770918abbf0e5faac2825f41cd6069ab33c8d386ce548c949c9e8b0c9411
analysis/statistics/analyze_followup_production.py,Recovered from retained historical project session records; not Git-tracked,PROJECT_CONTROLLED_CONFIRMED,GPL-2.0-only,Public license/notice comments added; scientific logic unchanged,"Packaging annotation 2026-09-27; recovery is provenance, not an inferred creation date",Project-controlled contributions: coauthor/laboratory release authorization; upstream terms preserved,8d0a3654dd7fbf1b219248aaef07f66bf646d649711f20d9bd6832d4c00a22ef
analysis/statistics/summarize_followup_production.py,Recovered from retained historical project session records; not Git-tracked,PROJECT_CONTROLLED_CONFIRMED,GPL-2.0-only,Public license/notice comments added; scientific logic unchanged,"Packaging annotation 2026-09-27; recovery is provenance, not an inferred creation date",Project-controlled contributions: coauthor/laboratory release authorization; upstream terms preserved,fd0a6c022b0cc2801f62f457dc0a33e5eed0a0efc05e2709e956d5d4201aca98
reproduction/verify_package.py,Project-authored package verifier,PROJECT_CONTROLLED_CONFIRMED,GPL-2.0-only,Public license/notice comments added; scientific logic unchanged,"Packaging annotation 2026-09-27; recovery is provenance, not an inferred creation date",Project-controlled contributions: coauthor/laboratory release authorization; upstream terms preserved,02e6df6b5c6de45127463d6c1b21a76ac42d0b567d1cfb96450a0336a7e930ca
ns3/modified_source/src/applications/model/udp-client.cc,ns-3 baseline 4059af204636298c061df368e241941fa3ff97bf to production ec84414f367b0f525a700c30d13986667e17e1d8:src/applications/model/udp-client.cc,UPSTREAM_DERIVED_GPL,GPL-2.0-only,Public license/notice comments added; scientific logic unchanged,f168a27f5bcdee63eaf6534fd26a371cd912c907 2026-09-02T18:42:55+09:00; packaging annotation 2026-09-27,Project-controlled contributions: coauthor/laboratory release authorization; upstream terms preserved,0dd1c3f8c6a7a43438a7deb565237a51704bd3d20c46d79ad162335c2b6c3570
ns3/modified_source/src/applications/model/udp-client.h,ns-3 baseline 4059af204636298c061df368e241941fa3ff97bf to production ec84414f367b0f525a700c30d13986667e17e1d8:src/applications/model/udp-client.h,UPSTREAM_DERIVED_GPL,GPL-2.0-only,Public license/notice comments added; scientific logic unchanged,f168a27f5bcdee63eaf6534fd26a371cd912c907 2026-09-02T18:42:55+09:00; packaging annotation 2026-09-27,Project-controlled contributions: coauthor/laboratory release authorization; upstream terms preserved,f7e261631e970e0d0317211b86560e4bff5966b877b322ee02f4037a9c811afa
ns3/modified_source/src/lte/CMakeLists.txt,ns-3 baseline 4059af204636298c061df368e241941fa3ff97bf to production ec84414f367b0f525a700c30d13986667e17e1d8:src/lte/CMakeLists.txt,UPSTREAM_DERIVED_GPL,GPL-2.0-only,Public license/notice comments added; scientific logic unchanged,9187ea8c3323fff5df82c376b4292e604d8533a1 2026-09-04T16:54:57+09:00; packaging annotation 2026-09-27,Project-controlled contributions: coauthor/laboratory release authorization; upstream terms preserved,866cba52bbdcd1f4fa78b3bb17e49a8e774f9aa7f757165953d4e2f05ce709ca
ns3/modified_source/src/lte/model/lte-rlc-sdu-lineage-tag.cc,ns-3 baseline 4059af204636298c061df368e241941fa3ff97bf to production ec84414f367b0f525a700c30d13986667e17e1d8:src/lte/model/lte-rlc-sdu-lineage-tag.cc,PROJECT_CONTROLLED_CONFIRMED,GPL-2.0-only,Public license/notice comments added; scientific logic unchanged,9187ea8c3323fff5df82c376b4292e604d8533a1 2026-09-04T16:54:57+09:00; packaging annotation 2026-09-27,Project-controlled contributions: coauthor/laboratory release authorization; upstream terms preserved,07178ee6941379ed29bcbe2d15050b048615b5929fb99c9b2c1e848c48afe748
ns3/modified_source/src/lte/model/lte-rlc-sdu-lineage-tag.h,ns-3 baseline 4059af204636298c061df368e241941fa3ff97bf to production ec84414f367b0f525a700c30d13986667e17e1d8:src/lte/model/lte-rlc-sdu-lineage-tag.h,PROJECT_CONTROLLED_CONFIRMED,GPL-2.0-only,Public license/notice comments added; scientific logic unchanged,9187ea8c3323fff5df82c376b4292e604d8533a1 2026-09-04T16:54:57+09:00; packaging annotation 2026-09-27,Project-controlled contributions: coauthor/laboratory release authorization; upstream terms preserved,50561712dd1689cf4e46497ed8e34c54c45ab351a7c8b2a9369cc5ec9b8b5ee5
ns3/modified_source/src/lte/model/lte-rlc-um.cc,ns-3 baseline 4059af204636298c061df368e241941fa3ff97bf to production ec84414f367b0f525a700c30d13986667e17e1d8:src/lte/model/lte-rlc-um.cc,UPSTREAM_DERIVED_GPL,GPL-2.0-only,Public license/notice comments added; scientific logic unchanged,2fad3c6b0a209edc52d019b7d75f5fcbe00a3947 2026-09-02T18:56:33+09:00; 9187ea8c3323fff5df82c376b4292e604d8533a1 2026-09-04T16:54:57+09:00; c6e2455e8977d0ea831f88a2a75d9569bbc3485e 2026-09-04T17:01:51+09:00; 812d1cd8097192bceb2416de9802b6aa5405ee0b 2026-09-04T17:12:30+09:00; d118456d09b579cb30a98cf1a577d0046a24e640 2026-09-04T17:35:56+09:00; packaging annotation 2026-09-27,Project-controlled contributions: coauthor/laboratory release authorization; upstream terms preserved,953bc8bdf6fc05db43f4191013f052b8e5172290012cd3b2a601020d781cd0d1
ns3/modified_source/src/lte/model/lte-rlc-um.h,ns-3 baseline 4059af204636298c061df368e241941fa3ff97bf to production ec84414f367b0f525a700c30d13986667e17e1d8:src/lte/model/lte-rlc-um.h,UPSTREAM_DERIVED_GPL,GPL-2.0-only,Public license/notice comments added; scientific logic unchanged,2fad3c6b0a209edc52d019b7d75f5fcbe00a3947 2026-09-02T18:56:33+09:00; 9187ea8c3323fff5df82c376b4292e604d8533a1 2026-09-04T16:54:57+09:00; c6e2455e8977d0ea831f88a2a75d9569bbc3485e 2026-09-04T17:01:51+09:00; 812d1cd8097192bceb2416de9802b6aa5405ee0b 2026-09-04T17:12:30+09:00; d118456d09b579cb30a98cf1a577d0046a24e640 2026-09-04T17:35:56+09:00; packaging annotation 2026-09-27,Project-controlled contributions: coauthor/laboratory release authorization; upstream terms preserved,68606f4a718e70e3e660227f3d48315c1319c076e40295896b421d731c0d9a04
