interval_ms,rng_run,identical,fifo_hash,policy_hash
80,2001,True,67f1359b9ad37428e785cb1ef9215bb7609636de1c0f87a21368bbfbd0c1667a,67f1359b9ad37428e785cb1ef9215bb7609636de1c0f87a21368bbfbd0c1667a
80,2002,True,7abdff4fa86fbc9839fa0903850990eb8bfd3199b8e44bc62c8f2ce2495e20d9,7abdff4fa86fbc9839fa0903850990eb8bfd3199b8e44bc62c8f2ce2495e20d9
80,2003,True,edb7059abb275f907c85679f2aae1f7184e8a126660ec8b7858f564587848ab1,edb7059abb275f907c85679f2aae1f7184e8a126660ec8b7858f564587848ab1
80,2004,True,8d399cb182ee0d6a95aadbac098c0a25ee4713260d26a8580f34abedcf3a07a4,8d399cb182ee0d6a95aadbac098c0a25ee4713260d26a8580f34abedcf3a07a4
80,2005,True,64eb344e848b5de1d015d7bc298210ae16a2213e71c750a8c43da01a4f47359f,64eb344e848b5de1d015d7bc298210ae16a2213e71c750a8c43da01a4f47359f
80,2006,True,edeab14a14ecf6b0aa848d57dbb9b09606ef6965b71925c69ca5762a8337e596,edeab14a14ecf6b0aa848d57dbb9b09606ef6965b71925c69ca5762a8337e596
80,2007,True,0992b410737aa4d59d550cc64498630d1fc93420457375629bb1e8535c657ff9,0992b410737aa4d59d550cc64498630d1fc93420457375629bb1e8535c657ff9
80,2008,True,91a99656f4f1f2463fd2ef72babe6e4ba8fa6937a07738539dbdfc3f30e0d64e,91a99656f4f1f2463fd2ef72babe6e4ba8fa6937a07738539dbdfc3f30e0d64e
80,2009,True,0751eabc770f4b2db533baed763fc2aad76c1483e8f2fba63846752ce731ec8c,0751eabc770f4b2db533baed763fc2aad76c1483e8f2fba63846752ce731ec8c
80,2010,True,33e1b37a21bc15520e01db8842c05f87f3bab196b904c06280c53bad7edefe26,33e1b37a21bc15520e01db8842c05f87f3bab196b904c06280c53bad7edefe26
80,2011,True,cb2fb19e68057427e1b3c0a21360c9bb4570e1858a3096a511a50d1db5e07791,cb2fb19e68057427e1b3c0a21360c9bb4570e1858a3096a511a50d1db5e07791
80,2012,True,a967ec78f75823139724d5473200337ed3bbfa1ccbcc4545bf8b8cc4fed3d421,a967ec78f75823139724d5473200337ed3bbfa1ccbcc4545bf8b8cc4fed3d421
80,2013,True,aae5ccd1f7314082b63bd430dc7f0de64db2e01058e84b7289f6cad938271080,aae5ccd1f7314082b63bd430dc7f0de64db2e01058e84b7289f6cad938271080
80,2014,True,d68064f8de0c358a8f69c101b5713d43013065d13183a682fb0ab006ae1a58c2,d68064f8de0c358a8f69c101b5713d43013065d13183a682fb0ab006ae1a58c2
80,2015,True,edeecfe29adfb28953895ba0a872a79d2924b77d4b805e2c39b8cd94d9567b62,edeecfe29adfb28953895ba0a872a79d2924b77d4b805e2c39b8cd94d9567b62
80,2016,True,047ab0ed6bc4d626192ecf78d401e2f0d3e93b6ebd5ee9e435394df35e53ae2d,047ab0ed6bc4d626192ecf78d401e2f0d3e93b6ebd5ee9e435394df35e53ae2d
80,2017,True,b82de9ed336d3f6436e875b71a543d9df0d690225ce92b09b80c80224ed4952e,b82de9ed336d3f6436e875b71a543d9df0d690225ce92b09b80c80224ed4952e
80,2018,True,88550c06184776f0a3e04470d4286077a60efd87d83bec83488ae6abbd415bb2,88550c06184776f0a3e04470d4286077a60efd87d83bec83488ae6abbd415bb2
80,2019,True,658f3fc5adc9e9a7ba076756daea558c79e3ef94c54c7cd48a1e6629f6a93dee,658f3fc5adc9e9a7ba076756daea558c79e3ef94c54c7cd48a1e6629f6a93dee
80,2020,True,cf663f129699a84489a03460baa323b928811827f9bfdee076f906b7be4f3821,cf663f129699a84489a03460baa323b928811827f9bfdee076f906b7be4f3821
40,2001,True,67f1359b9ad37428e785cb1ef9215bb7609636de1c0f87a21368bbfbd0c1667a,67f1359b9ad37428e785cb1ef9215bb7609636de1c0f87a21368bbfbd0c1667a
40,2002,True,7abdff4fa86fbc9839fa0903850990eb8bfd3199b8e44bc62c8f2ce2495e20d9,7abdff4fa86fbc9839fa0903850990eb8bfd3199b8e44bc62c8f2ce2495e20d9
40,2003,True,edb7059abb275f907c85679f2aae1f7184e8a126660ec8b7858f564587848ab1,edb7059abb275f907c85679f2aae1f7184e8a126660ec8b7858f564587848ab1
40,2004,True,8d399cb182ee0d6a95aadbac098c0a25ee4713260d26a8580f34abedcf3a07a4,8d399cb182ee0d6a95aadbac098c0a25ee4713260d26a8580f34abedcf3a07a4
40,2005,True,64eb344e848b5de1d015d7bc298210ae16a2213e71c750a8c43da01a4f47359f,64eb344e848b5de1d015d7bc298210ae16a2213e71c750a8c43da01a4f47359f
40,2006,True,edeab14a14ecf6b0aa848d57dbb9b09606ef6965b71925c69ca5762a8337e596,edeab14a14ecf6b0aa848d57dbb9b09606ef6965b71925c69ca5762a8337e596
40,2007,True,0992b410737aa4d59d550cc64498630d1fc93420457375629bb1e8535c657ff9,0992b410737aa4d59d550cc64498630d1fc93420457375629bb1e8535c657ff9
40,2008,True,91a99656f4f1f2463fd2ef72babe6e4ba8fa6937a07738539dbdfc3f30e0d64e,91a99656f4f1f2463fd2ef72babe6e4ba8fa6937a07738539dbdfc3f30e0d64e
40,2009,True,0751eabc770f4b2db533baed763fc2aad76c1483e8f2fba63846752ce731ec8c,0751eabc770f4b2db533baed763fc2aad76c1483e8f2fba63846752ce731ec8c
40,2010,True,33e1b37a21bc15520e01db8842c05f87f3bab196b904c06280c53bad7edefe26,33e1b37a21bc15520e01db8842c05f87f3bab196b904c06280c53bad7edefe26
40,2011,True,cb2fb19e68057427e1b3c0a21360c9bb4570e1858a3096a511a50d1db5e07791,cb2fb19e68057427e1b3c0a21360c9bb4570e1858a3096a511a50d1db5e07791
40,2012,True,a967ec78f75823139724d5473200337ed3bbfa1ccbcc4545bf8b8cc4fed3d421,a967ec78f75823139724d5473200337ed3bbfa1ccbcc4545bf8b8cc4fed3d421
40,2013,True,aae5ccd1f7314082b63bd430dc7f0de64db2e01058e84b7289f6cad938271080,aae5ccd1f7314082b63bd430dc7f0de64db2e01058e84b7289f6cad938271080
40,2014,True,d68064f8de0c358a8f69c101b5713d43013065d13183a682fb0ab006ae1a58c2,d68064f8de0c358a8f69c101b5713d43013065d13183a682fb0ab006ae1a58c2
40,2015,True,edeecfe29adfb28953895ba0a872a79d2924b77d4b805e2c39b8cd94d9567b62,edeecfe29adfb28953895ba0a872a79d2924b77d4b805e2c39b8cd94d9567b62
40,2016,True,047ab0ed6bc4d626192ecf78d401e2f0d3e93b6ebd5ee9e435394df35e53ae2d,047ab0ed6bc4d626192ecf78d401e2f0d3e93b6ebd5ee9e435394df35e53ae2d
40,2017,True,b82de9ed336d3f6436e875b71a543d9df0d690225ce92b09b80c80224ed4952e,b82de9ed336d3f6436e875b71a543d9df0d690225ce92b09b80c80224ed4952e
40,2018,True,88550c06184776f0a3e04470d4286077a60efd87d83bec83488ae6abbd415bb2,88550c06184776f0a3e04470d4286077a60efd87d83bec83488ae6abbd415bb2
40,2019,True,658f3fc5adc9e9a7ba076756daea558c79e3ef94c54c7cd48a1e6629f6a93dee,658f3fc5adc9e9a7ba076756daea558c79e3ef94c54c7cd48a1e6629f6a93dee
40,2020,True,cf663f129699a84489a03460baa323b928811827f9bfdee076f906b7be4f3821,cf663f129699a84489a03460baa323b928811827f9bfdee076f906b7be4f3821
30,2001,True,67f1359b9ad37428e785cb1ef9215bb7609636de1c0f87a21368bbfbd0c1667a,67f1359b9ad37428e785cb1ef9215bb7609636de1c0f87a21368bbfbd0c1667a
30,2002,True,7abdff4fa86fbc9839fa0903850990eb8bfd3199b8e44bc62c8f2ce2495e20d9,7abdff4fa86fbc9839fa0903850990eb8bfd3199b8e44bc62c8f2ce2495e20d9
30,2003,True,edb7059abb275f907c85679f2aae1f7184e8a126660ec8b7858f564587848ab1,edb7059abb275f907c85679f2aae1f7184e8a126660ec8b7858f564587848ab1
30,2004,True,8d399cb182ee0d6a95aadbac098c0a25ee4713260d26a8580f34abedcf3a07a4,8d399cb182ee0d6a95aadbac098c0a25ee4713260d26a8580f34abedcf3a07a4
30,2005,True,64eb344e848b5de1d015d7bc298210ae16a2213e71c750a8c43da01a4f47359f,64eb344e848b5de1d015d7bc298210ae16a2213e71c750a8c43da01a4f47359f
30,2006,True,edeab14a14ecf6b0aa848d57dbb9b09606ef6965b71925c69ca5762a8337e596,edeab14a14ecf6b0aa848d57dbb9b09606ef6965b71925c69ca5762a8337e596
30,2007,True,0992b410737aa4d59d550cc64498630d1fc93420457375629bb1e8535c657ff9,0992b410737aa4d59d550cc64498630d1fc93420457375629bb1e8535c657ff9
30,2008,True,91a99656f4f1f2463fd2ef72babe6e4ba8fa6937a07738539dbdfc3f30e0d64e,91a99656f4f1f2463fd2ef72babe6e4ba8fa6937a07738539dbdfc3f30e0d64e
30,2009,True,0751eabc770f4b2db533baed763fc2aad76c1483e8f2fba63846752ce731ec8c,0751eabc770f4b2db533baed763fc2aad76c1483e8f2fba63846752ce731ec8c
30,2010,True,33e1b37a21bc15520e01db8842c05f87f3bab196b904c06280c53bad7edefe26,33e1b37a21bc15520e01db8842c05f87f3bab196b904c06280c53bad7edefe26
30,2011,True,cb2fb19e68057427e1b3c0a21360c9bb4570e1858a3096a511a50d1db5e07791,cb2fb19e68057427e1b3c0a21360c9bb4570e1858a3096a511a50d1db5e07791
30,2012,True,a967ec78f75823139724d5473200337ed3bbfa1ccbcc4545bf8b8cc4fed3d421,a967ec78f75823139724d5473200337ed3bbfa1ccbcc4545bf8b8cc4fed3d421
30,2013,True,aae5ccd1f7314082b63bd430dc7f0de64db2e01058e84b7289f6cad938271080,aae5ccd1f7314082b63bd430dc7f0de64db2e01058e84b7289f6cad938271080
30,2014,True,d68064f8de0c358a8f69c101b5713d43013065d13183a682fb0ab006ae1a58c2,d68064f8de0c358a8f69c101b5713d43013065d13183a682fb0ab006ae1a58c2
30,2015,True,edeecfe29adfb28953895ba0a872a79d2924b77d4b805e2c39b8cd94d9567b62,edeecfe29adfb28953895ba0a872a79d2924b77d4b805e2c39b8cd94d9567b62
30,2016,True,047ab0ed6bc4d626192ecf78d401e2f0d3e93b6ebd5ee9e435394df35e53ae2d,047ab0ed6bc4d626192ecf78d401e2f0d3e93b6ebd5ee9e435394df35e53ae2d
30,2017,True,b82de9ed336d3f6436e875b71a543d9df0d690225ce92b09b80c80224ed4952e,b82de9ed336d3f6436e875b71a543d9df0d690225ce92b09b80c80224ed4952e
30,2018,True,88550c06184776f0a3e04470d4286077a60efd87d83bec83488ae6abbd415bb2,88550c06184776f0a3e04470d4286077a60efd87d83bec83488ae6abbd415bb2
30,2019,True,658f3fc5adc9e9a7ba076756daea558c79e3ef94c54c7cd48a1e6629f6a93dee,658f3fc5adc9e9a7ba076756daea558c79e3ef94c54c7cd48a1e6629f6a93dee
30,2020,True,cf663f129699a84489a03460baa323b928811827f9bfdee076f906b7be4f3821,cf663f129699a84489a03460baa323b928811827f9bfdee076f906b7be4f3821
