campaign_id,role,load_id,background_interval_ms,normalized_heavy_rate,pair_id,run_id,policy,rng_seed,rng_run,crn_stream_base,expected_stream_contract_hash,output_directory,git_commit,config_hash,status,attempt,failure_reason
followup_status_priority_load_robustness_v1_20260905,SUPPORTING_ROBUSTNESS,I80,80,0.25,I80-R2001,robust-i80-fifo-r2001,FIFO,20260904,2001,2001000000,34c85842f2b248c110bd98f20c2d5ac1cc4f698820f3052a1d8fe109b3155fc0,external_inputs/robust-i80-fifo-r2001,832d1968258e2aa4be51a3e43c55a57047f7086b,61e68f4b588aeeedca7c076cbff4873fc35ae84849d81f16f44670884c09d9dc,VALIDATED,1,
followup_status_priority_load_robustness_v1_20260905,SUPPORTING_ROBUSTNESS,I80,80,0.25,I80-R2001,robust-i80-policy-r2001,STATUS_PRIORITY_NON_DROPPING,20260904,2001,2001000000,34c85842f2b248c110bd98f20c2d5ac1cc4f698820f3052a1d8fe109b3155fc0,external_inputs/robust-i80-policy-r2001,832d1968258e2aa4be51a3e43c55a57047f7086b,b1f42e6ba1634ba02ccbb5fed092e81c3b41f9fcf367edfce2771780eabf0ada,VALIDATED,1,
followup_status_priority_load_robustness_v1_20260905,SUPPORTING_ROBUSTNESS,I80,80,0.25,I80-R2002,robust-i80-fifo-r2002,FIFO,20260904,2002,2002000000,814e03e17eecad77aae5d6ab780fce4e15e8510a1c6970549cb83d1a58c78314,external_inputs/robust-i80-fifo-r2002,832d1968258e2aa4be51a3e43c55a57047f7086b,8c5b244337897a2d8d7bb395c94fc3869f9adaa36c2b9b037e06eef6067a5f51,VALIDATED,1,
followup_status_priority_load_robustness_v1_20260905,SUPPORTING_ROBUSTNESS,I80,80,0.25,I80-R2002,robust-i80-policy-r2002,STATUS_PRIORITY_NON_DROPPING,20260904,2002,2002000000,814e03e17eecad77aae5d6ab780fce4e15e8510a1c6970549cb83d1a58c78314,external_inputs/robust-i80-policy-r2002,832d1968258e2aa4be51a3e43c55a57047f7086b,32d7b2897e948bb759c0bb23e412fd56e4fce08804e287c580dd760d57703128,VALIDATED,1,
followup_status_priority_load_robustness_v1_20260905,SUPPORTING_ROBUSTNESS,I80,80,0.25,I80-R2003,robust-i80-fifo-r2003,FIFO,20260904,2003,2003000000,8c30bd8c91969e011a40045ef2276e464dbbe2446049bca4ab7661570898ccde,external_inputs/robust-i80-fifo-r2003,832d1968258e2aa4be51a3e43c55a57047f7086b,8a5b73f4e9d352c73252a7fdfd406e4685170ae4a4d66d0fc20398df6d43d646,VALIDATED,1,
followup_status_priority_load_robustness_v1_20260905,SUPPORTING_ROBUSTNESS,I80,80,0.25,I80-R2003,robust-i80-policy-r2003,STATUS_PRIORITY_NON_DROPPING,20260904,2003,2003000000,8c30bd8c91969e011a40045ef2276e464dbbe2446049bca4ab7661570898ccde,external_inputs/robust-i80-policy-r2003,832d1968258e2aa4be51a3e43c55a57047f7086b,800e8aa7c035ee5830608342a088c224767de1b95204d75e0629c7f3b3ebff79,VALIDATED,1,
followup_status_priority_load_robustness_v1_20260905,SUPPORTING_ROBUSTNESS,I80,80,0.25,I80-R2004,robust-i80-fifo-r2004,FIFO,20260904,2004,2004000000,ef7e093c7a1345eaced831ea600e5b668fc9bc69abb28b788ae455ea18270e9a,external_inputs/robust-i80-fifo-r2004,832d1968258e2aa4be51a3e43c55a57047f7086b,0a0186e773f2a42c233804a5e713198990edb0152987c2b02f0a566686590429,VALIDATED,1,
followup_status_priority_load_robustness_v1_20260905,SUPPORTING_ROBUSTNESS,I80,80,0.25,I80-R2004,robust-i80-policy-r2004,STATUS_PRIORITY_NON_DROPPING,20260904,2004,2004000000,ef7e093c7a1345eaced831ea600e5b668fc9bc69abb28b788ae455ea18270e9a,external_inputs/robust-i80-policy-r2004,832d1968258e2aa4be51a3e43c55a57047f7086b,9058ad27cd0a2a3adfe75d573d8f6017e661a6283e51812a25c5019b22db3f6a,VALIDATED,1,
followup_status_priority_load_robustness_v1_20260905,SUPPORTING_ROBUSTNESS,I80,80,0.25,I80-R2005,robust-i80-fifo-r2005,FIFO,20260904,2005,2005000000,d4bfc4ac8a8bbb3f0e186857736d6b9e3dad4eadfe735d7c7e85f441f99e0fd8,external_inputs/robust-i80-fifo-r2005,832d1968258e2aa4be51a3e43c55a57047f7086b,1716e0d3cf78b556e9f32b2a2b2858042025484eaa8f61775f5fc7a57c01bf0f,VALIDATED,1,
followup_status_priority_load_robustness_v1_20260905,SUPPORTING_ROBUSTNESS,I80,80,0.25,I80-R2005,robust-i80-policy-r2005,STATUS_PRIORITY_NON_DROPPING,20260904,2005,2005000000,d4bfc4ac8a8bbb3f0e186857736d6b9e3dad4eadfe735d7c7e85f441f99e0fd8,external_inputs/robust-i80-policy-r2005,832d1968258e2aa4be51a3e43c55a57047f7086b,5b7c51a29bfc8bf47bb89f51c309abae10130432d3a50662ec9a8474899112d4,VALIDATED,1,
followup_status_priority_load_robustness_v1_20260905,SUPPORTING_ROBUSTNESS,I80,80,0.25,I80-R2006,robust-i80-fifo-r2006,FIFO,20260904,2006,2006000000,18aefeded1c387b4ae0b7459b7137524873a496e278f61ee52b7dcc7b4e0b9da,external_inputs/robust-i80-fifo-r2006,832d1968258e2aa4be51a3e43c55a57047f7086b,8aaeb4cf54e99e1b3fc9dcf4080f85e52accb5f12afae19e6ed906191d7a0488,VALIDATED,1,
followup_status_priority_load_robustness_v1_20260905,SUPPORTING_ROBUSTNESS,I80,80,0.25,I80-R2006,robust-i80-policy-r2006,STATUS_PRIORITY_NON_DROPPING,20260904,2006,2006000000,18aefeded1c387b4ae0b7459b7137524873a496e278f61ee52b7dcc7b4e0b9da,external_inputs/robust-i80-policy-r2006,832d1968258e2aa4be51a3e43c55a57047f7086b,a0116dcbcdc839057fdd0ee7e281a0251c80df046246199d42ac576f3d828acb,VALIDATED,1,
followup_status_priority_load_robustness_v1_20260905,SUPPORTING_ROBUSTNESS,I80,80,0.25,I80-R2007,robust-i80-fifo-r2007,FIFO,20260904,2007,2007000000,24453402074c8ac5e89e8423ba25e06fa1b036a7c764457e9e65952a8aba631b,external_inputs/robust-i80-fifo-r2007,832d1968258e2aa4be51a3e43c55a57047f7086b,6174ef3060b5923cc1e2712e5288d58c00f3effd013b220294a7d7f3e6811b75,VALIDATED,1,
followup_status_priority_load_robustness_v1_20260905,SUPPORTING_ROBUSTNESS,I80,80,0.25,I80-R2007,robust-i80-policy-r2007,STATUS_PRIORITY_NON_DROPPING,20260904,2007,2007000000,24453402074c8ac5e89e8423ba25e06fa1b036a7c764457e9e65952a8aba631b,external_inputs/robust-i80-policy-r2007,832d1968258e2aa4be51a3e43c55a57047f7086b,7dd87caeaf044899f7caa97bf293bc1e7f7842e656508cb3abad5d8b82780a3c,VALIDATED,1,
followup_status_priority_load_robustness_v1_20260905,SUPPORTING_ROBUSTNESS,I80,80,0.25,I80-R2008,robust-i80-fifo-r2008,FIFO,20260904,2008,2008000000,979be1b36b9db639fe3b35bc961bdce6e22294f1d9cdb5863fd3dbe1c004f426,external_inputs/robust-i80-fifo-r2008,832d1968258e2aa4be51a3e43c55a57047f7086b,0a0a6911f86f11ca249be3f2d26f7552cb7ed9cb76590d9c2c12d3aa58577e36,VALIDATED,1,
followup_status_priority_load_robustness_v1_20260905,SUPPORTING_ROBUSTNESS,I80,80,0.25,I80-R2008,robust-i80-policy-r2008,STATUS_PRIORITY_NON_DROPPING,20260904,2008,2008000000,979be1b36b9db639fe3b35bc961bdce6e22294f1d9cdb5863fd3dbe1c004f426,external_inputs/robust-i80-policy-r2008,832d1968258e2aa4be51a3e43c55a57047f7086b,a798273e93e6de9b22034d16c1b3fa4314196bad4235632fc20b10e2897272dd,VALIDATED,1,
followup_status_priority_load_robustness_v1_20260905,SUPPORTING_ROBUSTNESS,I80,80,0.25,I80-R2009,robust-i80-fifo-r2009,FIFO,20260904,2009,2009000000,f94aeca93ff3e2ab93cf505c2254b7b3de76fb126a4cbe71c810a9e25d84a744,external_inputs/robust-i80-fifo-r2009,832d1968258e2aa4be51a3e43c55a57047f7086b,c8ec67437131560822dfc45800b25b4fbc83e3b9e464d760a13e0d9c3a32fe41,VALIDATED,1,
followup_status_priority_load_robustness_v1_20260905,SUPPORTING_ROBUSTNESS,I80,80,0.25,I80-R2009,robust-i80-policy-r2009,STATUS_PRIORITY_NON_DROPPING,20260904,2009,2009000000,f94aeca93ff3e2ab93cf505c2254b7b3de76fb126a4cbe71c810a9e25d84a744,external_inputs/robust-i80-policy-r2009,832d1968258e2aa4be51a3e43c55a57047f7086b,2c4f3be9be3c097bcbd4efa5a888a9151ad6644ffd91240237899c4cf48b0cc0,VALIDATED,1,
followup_status_priority_load_robustness_v1_20260905,SUPPORTING_ROBUSTNESS,I80,80,0.25,I80-R2010,robust-i80-fifo-r2010,FIFO,20260904,2010,2010000000,732e0a4e105f247406777427f272d04ac8f0248b442ea401bd3590246b713b4a,external_inputs/robust-i80-fifo-r2010,832d1968258e2aa4be51a3e43c55a57047f7086b,5ea25a420c923068786f873ab8770630baf63ca201e21bdc82a0f9991aa66c7f,VALIDATED,1,
followup_status_priority_load_robustness_v1_20260905,SUPPORTING_ROBUSTNESS,I80,80,0.25,I80-R2010,robust-i80-policy-r2010,STATUS_PRIORITY_NON_DROPPING,20260904,2010,2010000000,732e0a4e105f247406777427f272d04ac8f0248b442ea401bd3590246b713b4a,external_inputs/robust-i80-policy-r2010,832d1968258e2aa4be51a3e43c55a57047f7086b,fabcb730a9ee1f8eec070f28c2bd64fe7f32645db2838f87b75cf34eac513535,VALIDATED,1,
followup_status_priority_load_robustness_v1_20260905,SUPPORTING_ROBUSTNESS,I80,80,0.25,I80-R2011,robust-i80-fifo-r2011,FIFO,20260904,2011,2011000000,b7978b8aeaad781757daa28e047e08713c9b08de5747657fb47af89e3f4d46c4,external_inputs/robust-i80-fifo-r2011,832d1968258e2aa4be51a3e43c55a57047f7086b,189fd2509be694487df8f4b1ae6c1943a3e258e9e7bab60f470313a2a9dc2fcf,VALIDATED,1,
followup_status_priority_load_robustness_v1_20260905,SUPPORTING_ROBUSTNESS,I80,80,0.25,I80-R2011,robust-i80-policy-r2011,STATUS_PRIORITY_NON_DROPPING,20260904,2011,2011000000,b7978b8aeaad781757daa28e047e08713c9b08de5747657fb47af89e3f4d46c4,external_inputs/robust-i80-policy-r2011,832d1968258e2aa4be51a3e43c55a57047f7086b,fb024705c5817dd4ab9f2241172de46270c23861c8d269a07d7668238df84c25,VALIDATED,1,
followup_status_priority_load_robustness_v1_20260905,SUPPORTING_ROBUSTNESS,I80,80,0.25,I80-R2012,robust-i80-fifo-r2012,FIFO,20260904,2012,2012000000,8addba968251bac8a48466126839f44bcf6fb3f2680dc1664b6609413fbadb71,external_inputs/robust-i80-fifo-r2012,832d1968258e2aa4be51a3e43c55a57047f7086b,27db63d8b487d7b62b5355afc6fb9853fbef5df6521481bec2b96686c37b37c9,VALIDATED,1,
followup_status_priority_load_robustness_v1_20260905,SUPPORTING_ROBUSTNESS,I80,80,0.25,I80-R2012,robust-i80-policy-r2012,STATUS_PRIORITY_NON_DROPPING,20260904,2012,2012000000,8addba968251bac8a48466126839f44bcf6fb3f2680dc1664b6609413fbadb71,external_inputs/robust-i80-policy-r2012,832d1968258e2aa4be51a3e43c55a57047f7086b,9245b8a6c6266f7b9ba81304d9754c69ef7ed1ff10c04546fb9cc83a36595dbd,VALIDATED,1,
followup_status_priority_load_robustness_v1_20260905,SUPPORTING_ROBUSTNESS,I80,80,0.25,I80-R2013,robust-i80-fifo-r2013,FIFO,20260904,2013,2013000000,3be36304ddb8e27034e9758129e525b107b06bd701140cccd599428a712559a6,external_inputs/robust-i80-fifo-r2013,832d1968258e2aa4be51a3e43c55a57047f7086b,d9c83f687f2220d3c9d90dbd5954afdfdf28cf8c6ab1263476074bc364a8f22b,VALIDATED,1,
followup_status_priority_load_robustness_v1_20260905,SUPPORTING_ROBUSTNESS,I80,80,0.25,I80-R2013,robust-i80-policy-r2013,STATUS_PRIORITY_NON_DROPPING,20260904,2013,2013000000,3be36304ddb8e27034e9758129e525b107b06bd701140cccd599428a712559a6,external_inputs/robust-i80-policy-r2013,832d1968258e2aa4be51a3e43c55a57047f7086b,5cc6b1e4e1ff168f47e955d52986784c86f079896aa891c7e4fe9369d35fbeca,VALIDATED,1,
followup_status_priority_load_robustness_v1_20260905,SUPPORTING_ROBUSTNESS,I80,80,0.25,I80-R2014,robust-i80-fifo-r2014,FIFO,20260904,2014,2014000000,a4b226675ed820e6620ac25d3c28aa45fca26e5a546c364f5852629e4209459d,external_inputs/robust-i80-fifo-r2014,832d1968258e2aa4be51a3e43c55a57047f7086b,e428c2d93f200027c50dbc7f63cc29a0d8953fd279b9222956fa813a588d28dc,VALIDATED,1,
followup_status_priority_load_robustness_v1_20260905,SUPPORTING_ROBUSTNESS,I80,80,0.25,I80-R2014,robust-i80-policy-r2014,STATUS_PRIORITY_NON_DROPPING,20260904,2014,2014000000,a4b226675ed820e6620ac25d3c28aa45fca26e5a546c364f5852629e4209459d,external_inputs/robust-i80-policy-r2014,832d1968258e2aa4be51a3e43c55a57047f7086b,136dd0446be33cb0356052dca52a5f0ffb754c53d882c62f143b48bebdea29a3,VALIDATED,1,
followup_status_priority_load_robustness_v1_20260905,SUPPORTING_ROBUSTNESS,I80,80,0.25,I80-R2015,robust-i80-fifo-r2015,FIFO,20260904,2015,2015000000,cb33b244c06758b818842d9464dfc1939c104a45f01658571e326fa9a79cab33,external_inputs/robust-i80-fifo-r2015,832d1968258e2aa4be51a3e43c55a57047f7086b,4560bee9c2913c5f488b6234c19c16f45f115972f520ac8a9b4d5df70be45a2f,VALIDATED,1,
followup_status_priority_load_robustness_v1_20260905,SUPPORTING_ROBUSTNESS,I80,80,0.25,I80-R2015,robust-i80-policy-r2015,STATUS_PRIORITY_NON_DROPPING,20260904,2015,2015000000,cb33b244c06758b818842d9464dfc1939c104a45f01658571e326fa9a79cab33,external_inputs/robust-i80-policy-r2015,832d1968258e2aa4be51a3e43c55a57047f7086b,67e06ed0c52dd6463d1e05897432698dd31076a878a606f19a5c9c2d9872b0f6,VALIDATED,1,
followup_status_priority_load_robustness_v1_20260905,SUPPORTING_ROBUSTNESS,I80,80,0.25,I80-R2016,robust-i80-fifo-r2016,FIFO,20260904,2016,2016000000,28a4071fcfae515183a027f21bdd6ced11952cdc0513502577712781e932ab34,external_inputs/robust-i80-fifo-r2016,832d1968258e2aa4be51a3e43c55a57047f7086b,486990a0f73172c0878ce7fa8a70e5e5b17a2fd38b3c6505744a6ac7972e28ce,VALIDATED,1,
followup_status_priority_load_robustness_v1_20260905,SUPPORTING_ROBUSTNESS,I80,80,0.25,I80-R2016,robust-i80-policy-r2016,STATUS_PRIORITY_NON_DROPPING,20260904,2016,2016000000,28a4071fcfae515183a027f21bdd6ced11952cdc0513502577712781e932ab34,external_inputs/robust-i80-policy-r2016,832d1968258e2aa4be51a3e43c55a57047f7086b,35957809cd24fb72a62c06911987d3aa76991c009e101b04a8c91e32edea6009,VALIDATED,1,
followup_status_priority_load_robustness_v1_20260905,SUPPORTING_ROBUSTNESS,I80,80,0.25,I80-R2017,robust-i80-fifo-r2017,FIFO,20260904,2017,2017000000,4c3bbe0b8428a183e8dffae0a65d53dbf9297a8b809c634770cc7f7f1722490d,external_inputs/robust-i80-fifo-r2017,832d1968258e2aa4be51a3e43c55a57047f7086b,94a1d75c7b2a2f085ab0959fe1a5a07ff8f5a42913c53dea74bcefa47ceb4c5f,VALIDATED,1,
followup_status_priority_load_robustness_v1_20260905,SUPPORTING_ROBUSTNESS,I80,80,0.25,I80-R2017,robust-i80-policy-r2017,STATUS_PRIORITY_NON_DROPPING,20260904,2017,2017000000,4c3bbe0b8428a183e8dffae0a65d53dbf9297a8b809c634770cc7f7f1722490d,external_inputs/robust-i80-policy-r2017,832d1968258e2aa4be51a3e43c55a57047f7086b,81fa37dc24cd10905542669d64516d562b9d0d922053e3c64b4e5aedcdee09ed,VALIDATED,1,
followup_status_priority_load_robustness_v1_20260905,SUPPORTING_ROBUSTNESS,I80,80,0.25,I80-R2018,robust-i80-fifo-r2018,FIFO,20260904,2018,2018000000,9e708d6a14e51bb43a96117ce920b9106e28813693f7cfe4cd87c0b5896340a1,external_inputs/robust-i80-fifo-r2018,832d1968258e2aa4be51a3e43c55a57047f7086b,12ee33eb6a07414f0253895314aaae073943e2af2922f80e9f88d945e8bfa029,VALIDATED,1,
followup_status_priority_load_robustness_v1_20260905,SUPPORTING_ROBUSTNESS,I80,80,0.25,I80-R2018,robust-i80-policy-r2018,STATUS_PRIORITY_NON_DROPPING,20260904,2018,2018000000,9e708d6a14e51bb43a96117ce920b9106e28813693f7cfe4cd87c0b5896340a1,external_inputs/robust-i80-policy-r2018,832d1968258e2aa4be51a3e43c55a57047f7086b,3584d7896490064bcd1ba6b1350abc75adb643bc8d07e89aef8677c5bf74b398,VALIDATED,1,
followup_status_priority_load_robustness_v1_20260905,SUPPORTING_ROBUSTNESS,I80,80,0.25,I80-R2019,robust-i80-fifo-r2019,FIFO,20260904,2019,2019000000,5cb04ac89097c9f29d313e76eaf3fa5bc87dd71fc28834b2495ccd1b4994cf59,external_inputs/robust-i80-fifo-r2019,832d1968258e2aa4be51a3e43c55a57047f7086b,7f4e10ccb9804e3edac3bd75d1fc40dc88f443970a132a3f3933538a4feede4a,VALIDATED,1,
followup_status_priority_load_robustness_v1_20260905,SUPPORTING_ROBUSTNESS,I80,80,0.25,I80-R2019,robust-i80-policy-r2019,STATUS_PRIORITY_NON_DROPPING,20260904,2019,2019000000,5cb04ac89097c9f29d313e76eaf3fa5bc87dd71fc28834b2495ccd1b4994cf59,external_inputs/robust-i80-policy-r2019,832d1968258e2aa4be51a3e43c55a57047f7086b,f21f7565f95a23bf1e98b8f7ade4571a5e604a49f352aa7a4241427a75d2b691,VALIDATED,1,
followup_status_priority_load_robustness_v1_20260905,SUPPORTING_ROBUSTNESS,I80,80,0.25,I80-R2020,robust-i80-fifo-r2020,FIFO,20260904,2020,2020000000,d4ad7523fcb12eb5fcf906b8cd2e1b755986c95043921d0a7b192e38f49028f5,external_inputs/robust-i80-fifo-r2020,832d1968258e2aa4be51a3e43c55a57047f7086b,b5d36d2bdd65d2daaf3640792e3203704ad63ed0071acd40299876e226c8edf2,VALIDATED,1,
followup_status_priority_load_robustness_v1_20260905,SUPPORTING_ROBUSTNESS,I80,80,0.25,I80-R2020,robust-i80-policy-r2020,STATUS_PRIORITY_NON_DROPPING,20260904,2020,2020000000,d4ad7523fcb12eb5fcf906b8cd2e1b755986c95043921d0a7b192e38f49028f5,external_inputs/robust-i80-policy-r2020,832d1968258e2aa4be51a3e43c55a57047f7086b,a809856972406de687e07ce1084af051c5892381e6e3f9de973be594c0ecaea5,VALIDATED,1,
followup_status_priority_load_robustness_v1_20260905,SUPPORTING_ROBUSTNESS,I40,40,0.5,I40-R2001,robust-i40-fifo-r2001,FIFO,20260904,2001,2001000000,34c85842f2b248c110bd98f20c2d5ac1cc4f698820f3052a1d8fe109b3155fc0,external_inputs/robust-i40-fifo-r2001,832d1968258e2aa4be51a3e43c55a57047f7086b,3ea70b5e59c8070669dc9b6d1d97a9582f6a3e6e59accde078df74f4c175bdb6,VALIDATED,1,
followup_status_priority_load_robustness_v1_20260905,SUPPORTING_ROBUSTNESS,I40,40,0.5,I40-R2001,robust-i40-policy-r2001,STATUS_PRIORITY_NON_DROPPING,20260904,2001,2001000000,34c85842f2b248c110bd98f20c2d5ac1cc4f698820f3052a1d8fe109b3155fc0,external_inputs/robust-i40-policy-r2001,832d1968258e2aa4be51a3e43c55a57047f7086b,dc488d81dcf9d7211fcbe4c4c0baa754ff31f57fc52996b5149c82f62330facb,VALIDATED,1,
followup_status_priority_load_robustness_v1_20260905,SUPPORTING_ROBUSTNESS,I40,40,0.5,I40-R2002,robust-i40-fifo-r2002,FIFO,20260904,2002,2002000000,814e03e17eecad77aae5d6ab780fce4e15e8510a1c6970549cb83d1a58c78314,external_inputs/robust-i40-fifo-r2002,832d1968258e2aa4be51a3e43c55a57047f7086b,b42afefa613700c31599734178f6d8dd910691c85f4f8f0ce22560ff08e04189,VALIDATED,1,
followup_status_priority_load_robustness_v1_20260905,SUPPORTING_ROBUSTNESS,I40,40,0.5,I40-R2002,robust-i40-policy-r2002,STATUS_PRIORITY_NON_DROPPING,20260904,2002,2002000000,814e03e17eecad77aae5d6ab780fce4e15e8510a1c6970549cb83d1a58c78314,external_inputs/robust-i40-policy-r2002,832d1968258e2aa4be51a3e43c55a57047f7086b,3b735dcd7a4a8d2afb73ffa76b646d13ba00c79b41ef17112e0518a2faa585b1,VALIDATED,1,
followup_status_priority_load_robustness_v1_20260905,SUPPORTING_ROBUSTNESS,I40,40,0.5,I40-R2003,robust-i40-fifo-r2003,FIFO,20260904,2003,2003000000,8c30bd8c91969e011a40045ef2276e464dbbe2446049bca4ab7661570898ccde,external_inputs/robust-i40-fifo-r2003,832d1968258e2aa4be51a3e43c55a57047f7086b,2e8d377cc024cda1eb3856a18392588a42440d94ea6e6e98ab1b49cb1c25f755,VALIDATED,1,
followup_status_priority_load_robustness_v1_20260905,SUPPORTING_ROBUSTNESS,I40,40,0.5,I40-R2003,robust-i40-policy-r2003,STATUS_PRIORITY_NON_DROPPING,20260904,2003,2003000000,8c30bd8c91969e011a40045ef2276e464dbbe2446049bca4ab7661570898ccde,external_inputs/robust-i40-policy-r2003,832d1968258e2aa4be51a3e43c55a57047f7086b,4555b3b9cc78caf51cdc5dc65727cb009beeae2d6e698bf5ca212e784cdb59c5,VALIDATED,1,
followup_status_priority_load_robustness_v1_20260905,SUPPORTING_ROBUSTNESS,I40,40,0.5,I40-R2004,robust-i40-fifo-r2004,FIFO,20260904,2004,2004000000,ef7e093c7a1345eaced831ea600e5b668fc9bc69abb28b788ae455ea18270e9a,external_inputs/robust-i40-fifo-r2004,832d1968258e2aa4be51a3e43c55a57047f7086b,94d07420a12c82a3c15f2d71ce87356222ff1bc9c7ce6fb98819ff6d32314b1b,VALIDATED,1,
followup_status_priority_load_robustness_v1_20260905,SUPPORTING_ROBUSTNESS,I40,40,0.5,I40-R2004,robust-i40-policy-r2004,STATUS_PRIORITY_NON_DROPPING,20260904,2004,2004000000,ef7e093c7a1345eaced831ea600e5b668fc9bc69abb28b788ae455ea18270e9a,external_inputs/robust-i40-policy-r2004,832d1968258e2aa4be51a3e43c55a57047f7086b,787adade4941073b879ef18062b5e2b764733c3caec93dd25e076b8902bdc7d6,VALIDATED,1,
followup_status_priority_load_robustness_v1_20260905,SUPPORTING_ROBUSTNESS,I40,40,0.5,I40-R2005,robust-i40-fifo-r2005,FIFO,20260904,2005,2005000000,d4bfc4ac8a8bbb3f0e186857736d6b9e3dad4eadfe735d7c7e85f441f99e0fd8,external_inputs/robust-i40-fifo-r2005,832d1968258e2aa4be51a3e43c55a57047f7086b,a7601b7fe5bf4d27c89de8cbee30320a740792f863abc4ae27dfb28aa1263e6e,VALIDATED,1,
followup_status_priority_load_robustness_v1_20260905,SUPPORTING_ROBUSTNESS,I40,40,0.5,I40-R2005,robust-i40-policy-r2005,STATUS_PRIORITY_NON_DROPPING,20260904,2005,2005000000,d4bfc4ac8a8bbb3f0e186857736d6b9e3dad4eadfe735d7c7e85f441f99e0fd8,external_inputs/robust-i40-policy-r2005,832d1968258e2aa4be51a3e43c55a57047f7086b,e451a9dd1267c445d2aa5e8f995bd0fd6618255b9c9ac4672d001fc4bfde9984,VALIDATED,1,
followup_status_priority_load_robustness_v1_20260905,SUPPORTING_ROBUSTNESS,I40,40,0.5,I40-R2006,robust-i40-fifo-r2006,FIFO,20260904,2006,2006000000,18aefeded1c387b4ae0b7459b7137524873a496e278f61ee52b7dcc7b4e0b9da,external_inputs/robust-i40-fifo-r2006,832d1968258e2aa4be51a3e43c55a57047f7086b,a7af49b4896aacabf61d295dd72c897cc8e85ca692a9f60015042a14c1dd9d05,VALIDATED,1,
followup_status_priority_load_robustness_v1_20260905,SUPPORTING_ROBUSTNESS,I40,40,0.5,I40-R2006,robust-i40-policy-r2006,STATUS_PRIORITY_NON_DROPPING,20260904,2006,2006000000,18aefeded1c387b4ae0b7459b7137524873a496e278f61ee52b7dcc7b4e0b9da,external_inputs/robust-i40-policy-r2006,832d1968258e2aa4be51a3e43c55a57047f7086b,4f261ad78ba1b52b1bd363fc92dd25ba24c87b09c17cce9e12071671cc00941d,VALIDATED,1,
followup_status_priority_load_robustness_v1_20260905,SUPPORTING_ROBUSTNESS,I40,40,0.5,I40-R2007,robust-i40-fifo-r2007,FIFO,20260904,2007,2007000000,24453402074c8ac5e89e8423ba25e06fa1b036a7c764457e9e65952a8aba631b,external_inputs/robust-i40-fifo-r2007,832d1968258e2aa4be51a3e43c55a57047f7086b,82f66ca69d0aaba2c72a8194cfa20a7700ac8f287d4af57619a8127f8ac9e89e,VALIDATED,1,
followup_status_priority_load_robustness_v1_20260905,SUPPORTING_ROBUSTNESS,I40,40,0.5,I40-R2007,robust-i40-policy-r2007,STATUS_PRIORITY_NON_DROPPING,20260904,2007,2007000000,24453402074c8ac5e89e8423ba25e06fa1b036a7c764457e9e65952a8aba631b,external_inputs/robust-i40-policy-r2007,832d1968258e2aa4be51a3e43c55a57047f7086b,336f857b6fe35e25a24cc7a419f05f8fb70cf28ff65670b726803b53e33cb442,VALIDATED,1,
followup_status_priority_load_robustness_v1_20260905,SUPPORTING_ROBUSTNESS,I40,40,0.5,I40-R2008,robust-i40-fifo-r2008,FIFO,20260904,2008,2008000000,979be1b36b9db639fe3b35bc961bdce6e22294f1d9cdb5863fd3dbe1c004f426,external_inputs/robust-i40-fifo-r2008,832d1968258e2aa4be51a3e43c55a57047f7086b,8d9a9fc2ec2e8b16797e47fdb7519db17da4722c85ca694f87522ef03818fd60,VALIDATED,1,
followup_status_priority_load_robustness_v1_20260905,SUPPORTING_ROBUSTNESS,I40,40,0.5,I40-R2008,robust-i40-policy-r2008,STATUS_PRIORITY_NON_DROPPING,20260904,2008,2008000000,979be1b36b9db639fe3b35bc961bdce6e22294f1d9cdb5863fd3dbe1c004f426,external_inputs/robust-i40-policy-r2008,832d1968258e2aa4be51a3e43c55a57047f7086b,a2620f2deb7151910d81abdbce893161997d06fbf128193e6c2f85aa10651cfb,VALIDATED,1,
followup_status_priority_load_robustness_v1_20260905,SUPPORTING_ROBUSTNESS,I40,40,0.5,I40-R2009,robust-i40-fifo-r2009,FIFO,20260904,2009,2009000000,f94aeca93ff3e2ab93cf505c2254b7b3de76fb126a4cbe71c810a9e25d84a744,external_inputs/robust-i40-fifo-r2009,832d1968258e2aa4be51a3e43c55a57047f7086b,4e6a50474d3411fcda06398eed833f3d84469f7b9202fd0bdc9e4e4fbbb0cda7,VALIDATED,1,
followup_status_priority_load_robustness_v1_20260905,SUPPORTING_ROBUSTNESS,I40,40,0.5,I40-R2009,robust-i40-policy-r2009,STATUS_PRIORITY_NON_DROPPING,20260904,2009,2009000000,f94aeca93ff3e2ab93cf505c2254b7b3de76fb126a4cbe71c810a9e25d84a744,external_inputs/robust-i40-policy-r2009,832d1968258e2aa4be51a3e43c55a57047f7086b,6c09ca09c8a13df4a110c78175753f96afbddc9edfb258091b84ceecdd63db06,VALIDATED,1,
followup_status_priority_load_robustness_v1_20260905,SUPPORTING_ROBUSTNESS,I40,40,0.5,I40-R2010,robust-i40-fifo-r2010,FIFO,20260904,2010,2010000000,732e0a4e105f247406777427f272d04ac8f0248b442ea401bd3590246b713b4a,external_inputs/robust-i40-fifo-r2010,832d1968258e2aa4be51a3e43c55a57047f7086b,2832184e168592222fcff19acdc88895380ae4faa6ff68d4438011673ad0a1d6,VALIDATED,1,
followup_status_priority_load_robustness_v1_20260905,SUPPORTING_ROBUSTNESS,I40,40,0.5,I40-R2010,robust-i40-policy-r2010,STATUS_PRIORITY_NON_DROPPING,20260904,2010,2010000000,732e0a4e105f247406777427f272d04ac8f0248b442ea401bd3590246b713b4a,external_inputs/robust-i40-policy-r2010,832d1968258e2aa4be51a3e43c55a57047f7086b,88a4d22a8d27d9230cc5482e249707955dc367b2c95c0ea05b41708dde2caea7,VALIDATED,1,
followup_status_priority_load_robustness_v1_20260905,SUPPORTING_ROBUSTNESS,I40,40,0.5,I40-R2011,robust-i40-fifo-r2011,FIFO,20260904,2011,2011000000,b7978b8aeaad781757daa28e047e08713c9b08de5747657fb47af89e3f4d46c4,external_inputs/robust-i40-fifo-r2011,832d1968258e2aa4be51a3e43c55a57047f7086b,e57f4ab760ef9fabba25b4ecc339c1dfec65303a977f6871df24a7f59d021385,VALIDATED,1,
followup_status_priority_load_robustness_v1_20260905,SUPPORTING_ROBUSTNESS,I40,40,0.5,I40-R2011,robust-i40-policy-r2011,STATUS_PRIORITY_NON_DROPPING,20260904,2011,2011000000,b7978b8aeaad781757daa28e047e08713c9b08de5747657fb47af89e3f4d46c4,external_inputs/robust-i40-policy-r2011,832d1968258e2aa4be51a3e43c55a57047f7086b,2421464bf33e3f6aaacfaf886b43e8c68b9c790939b164f98c7107a7bc105688,VALIDATED,1,
followup_status_priority_load_robustness_v1_20260905,SUPPORTING_ROBUSTNESS,I40,40,0.5,I40-R2012,robust-i40-fifo-r2012,FIFO,20260904,2012,2012000000,8addba968251bac8a48466126839f44bcf6fb3f2680dc1664b6609413fbadb71,external_inputs/robust-i40-fifo-r2012,832d1968258e2aa4be51a3e43c55a57047f7086b,ebbad9004d425ac2e4eb931fb597f0ebb1d5dda84cfd98ceee8e4a12a419ec97,VALIDATED,1,
followup_status_priority_load_robustness_v1_20260905,SUPPORTING_ROBUSTNESS,I40,40,0.5,I40-R2012,robust-i40-policy-r2012,STATUS_PRIORITY_NON_DROPPING,20260904,2012,2012000000,8addba968251bac8a48466126839f44bcf6fb3f2680dc1664b6609413fbadb71,external_inputs/robust-i40-policy-r2012,832d1968258e2aa4be51a3e43c55a57047f7086b,7b0a91c0d9dd7a33b0bb2ba41795218cd59a1b3fefee11a501dfe08aacc1e149,VALIDATED,1,
followup_status_priority_load_robustness_v1_20260905,SUPPORTING_ROBUSTNESS,I40,40,0.5,I40-R2013,robust-i40-fifo-r2013,FIFO,20260904,2013,2013000000,3be36304ddb8e27034e9758129e525b107b06bd701140cccd599428a712559a6,external_inputs/robust-i40-fifo-r2013,832d1968258e2aa4be51a3e43c55a57047f7086b,0f2056ebf78feb2fa0620dbeeb4d10122f7ef42223a65c2f3793aa135d0d5987,VALIDATED,1,
followup_status_priority_load_robustness_v1_20260905,SUPPORTING_ROBUSTNESS,I40,40,0.5,I40-R2013,robust-i40-policy-r2013,STATUS_PRIORITY_NON_DROPPING,20260904,2013,2013000000,3be36304ddb8e27034e9758129e525b107b06bd701140cccd599428a712559a6,external_inputs/robust-i40-policy-r2013,832d1968258e2aa4be51a3e43c55a57047f7086b,539f6ec122bd34c3d5fc305a6bed8aaf22bd7fd8bedb5faf88fb927cfe21a972,VALIDATED,1,
followup_status_priority_load_robustness_v1_20260905,SUPPORTING_ROBUSTNESS,I40,40,0.5,I40-R2014,robust-i40-fifo-r2014,FIFO,20260904,2014,2014000000,a4b226675ed820e6620ac25d3c28aa45fca26e5a546c364f5852629e4209459d,external_inputs/robust-i40-fifo-r2014,832d1968258e2aa4be51a3e43c55a57047f7086b,41deeec0475bf9bd26d59053a9c09ec3df74c44336c83a7878d4e724e937735c,VALIDATED,1,
followup_status_priority_load_robustness_v1_20260905,SUPPORTING_ROBUSTNESS,I40,40,0.5,I40-R2014,robust-i40-policy-r2014,STATUS_PRIORITY_NON_DROPPING,20260904,2014,2014000000,a4b226675ed820e6620ac25d3c28aa45fca26e5a546c364f5852629e4209459d,external_inputs/robust-i40-policy-r2014,832d1968258e2aa4be51a3e43c55a57047f7086b,6b11d21404bc9f17bf9fa1af6676775ac832ec0c576ac667428a16dbf3bd4905,VALIDATED,1,
followup_status_priority_load_robustness_v1_20260905,SUPPORTING_ROBUSTNESS,I40,40,0.5,I40-R2015,robust-i40-fifo-r2015,FIFO,20260904,2015,2015000000,cb33b244c06758b818842d9464dfc1939c104a45f01658571e326fa9a79cab33,external_inputs/robust-i40-fifo-r2015,832d1968258e2aa4be51a3e43c55a57047f7086b,1e2eb7dddfff9766a4edddcf9ad8a8f99729dc05abd791c84fca4a27e9a7b777,VALIDATED,1,
followup_status_priority_load_robustness_v1_20260905,SUPPORTING_ROBUSTNESS,I40,40,0.5,I40-R2015,robust-i40-policy-r2015,STATUS_PRIORITY_NON_DROPPING,20260904,2015,2015000000,cb33b244c06758b818842d9464dfc1939c104a45f01658571e326fa9a79cab33,external_inputs/robust-i40-policy-r2015,832d1968258e2aa4be51a3e43c55a57047f7086b,ca5183599b7c8c5a31b17908419169389dfbdd610cbc8091cd7a2190fc95ecfa,VALIDATED,1,
followup_status_priority_load_robustness_v1_20260905,SUPPORTING_ROBUSTNESS,I40,40,0.5,I40-R2016,robust-i40-fifo-r2016,FIFO,20260904,2016,2016000000,28a4071fcfae515183a027f21bdd6ced11952cdc0513502577712781e932ab34,external_inputs/robust-i40-fifo-r2016,832d1968258e2aa4be51a3e43c55a57047f7086b,dbfc47d6cbea4883573928a3af34fab39c5c6daf059ed7425b4fddbd948b5d50,VALIDATED,1,
followup_status_priority_load_robustness_v1_20260905,SUPPORTING_ROBUSTNESS,I40,40,0.5,I40-R2016,robust-i40-policy-r2016,STATUS_PRIORITY_NON_DROPPING,20260904,2016,2016000000,28a4071fcfae515183a027f21bdd6ced11952cdc0513502577712781e932ab34,external_inputs/robust-i40-policy-r2016,832d1968258e2aa4be51a3e43c55a57047f7086b,388948d3d9612fe7a5bbda2e125affc8060d2706480635441ae706ba6adcda33,VALIDATED,1,
followup_status_priority_load_robustness_v1_20260905,SUPPORTING_ROBUSTNESS,I40,40,0.5,I40-R2017,robust-i40-fifo-r2017,FIFO,20260904,2017,2017000000,4c3bbe0b8428a183e8dffae0a65d53dbf9297a8b809c634770cc7f7f1722490d,external_inputs/robust-i40-fifo-r2017,832d1968258e2aa4be51a3e43c55a57047f7086b,38ab99ab9cebfef987f7379e3a331f81a8e390f972ec197a9225f919150b5f7d,VALIDATED,1,
followup_status_priority_load_robustness_v1_20260905,SUPPORTING_ROBUSTNESS,I40,40,0.5,I40-R2017,robust-i40-policy-r2017,STATUS_PRIORITY_NON_DROPPING,20260904,2017,2017000000,4c3bbe0b8428a183e8dffae0a65d53dbf9297a8b809c634770cc7f7f1722490d,external_inputs/robust-i40-policy-r2017,832d1968258e2aa4be51a3e43c55a57047f7086b,861d449889954d8b234312cc05456348423a14f4a8ec951b244ffeb12ef2aa43,VALIDATED,1,
followup_status_priority_load_robustness_v1_20260905,SUPPORTING_ROBUSTNESS,I40,40,0.5,I40-R2018,robust-i40-fifo-r2018,FIFO,20260904,2018,2018000000,9e708d6a14e51bb43a96117ce920b9106e28813693f7cfe4cd87c0b5896340a1,external_inputs/robust-i40-fifo-r2018,832d1968258e2aa4be51a3e43c55a57047f7086b,cfa702237e77105975c9442183ec90c6ee4fd6a27cb5068625a845e6f77821eb,VALIDATED,1,
followup_status_priority_load_robustness_v1_20260905,SUPPORTING_ROBUSTNESS,I40,40,0.5,I40-R2018,robust-i40-policy-r2018,STATUS_PRIORITY_NON_DROPPING,20260904,2018,2018000000,9e708d6a14e51bb43a96117ce920b9106e28813693f7cfe4cd87c0b5896340a1,external_inputs/robust-i40-policy-r2018,832d1968258e2aa4be51a3e43c55a57047f7086b,484d61a75c7cb0110507920eb0d242d754c94900510ba4fd806ec726c178dbcb,VALIDATED,1,
followup_status_priority_load_robustness_v1_20260905,SUPPORTING_ROBUSTNESS,I40,40,0.5,I40-R2019,robust-i40-fifo-r2019,FIFO,20260904,2019,2019000000,5cb04ac89097c9f29d313e76eaf3fa5bc87dd71fc28834b2495ccd1b4994cf59,external_inputs/robust-i40-fifo-r2019,832d1968258e2aa4be51a3e43c55a57047f7086b,0a3a230eacb0d06c80c5f1f1e55a920c0900121099017b8704c97c9eec914bf4,VALIDATED,1,
followup_status_priority_load_robustness_v1_20260905,SUPPORTING_ROBUSTNESS,I40,40,0.5,I40-R2019,robust-i40-policy-r2019,STATUS_PRIORITY_NON_DROPPING,20260904,2019,2019000000,5cb04ac89097c9f29d313e76eaf3fa5bc87dd71fc28834b2495ccd1b4994cf59,external_inputs/robust-i40-policy-r2019,832d1968258e2aa4be51a3e43c55a57047f7086b,49dde48c829cc8197f040d3408f142560564ac2d136f4d3ba98350d5ccf42406,VALIDATED,1,
followup_status_priority_load_robustness_v1_20260905,SUPPORTING_ROBUSTNESS,I40,40,0.5,I40-R2020,robust-i40-fifo-r2020,FIFO,20260904,2020,2020000000,d4ad7523fcb12eb5fcf906b8cd2e1b755986c95043921d0a7b192e38f49028f5,external_inputs/robust-i40-fifo-r2020,832d1968258e2aa4be51a3e43c55a57047f7086b,bf8431462a745db1aa505d0e195cc6a425350602c8fb08dda6524732a8174cc0,VALIDATED,1,
followup_status_priority_load_robustness_v1_20260905,SUPPORTING_ROBUSTNESS,I40,40,0.5,I40-R2020,robust-i40-policy-r2020,STATUS_PRIORITY_NON_DROPPING,20260904,2020,2020000000,d4ad7523fcb12eb5fcf906b8cd2e1b755986c95043921d0a7b192e38f49028f5,external_inputs/robust-i40-policy-r2020,832d1968258e2aa4be51a3e43c55a57047f7086b,116719960b8aa424162a98ed412e0f58e4f432da0016517be47a11156b9098ae,VALIDATED,1,
followup_status_priority_load_robustness_v1_20260905,SUPPORTING_ROBUSTNESS,I30,30,0.6666666666666666,I30-R2001,robust-i30-fifo-r2001,FIFO,20260904,2001,2001000000,34c85842f2b248c110bd98f20c2d5ac1cc4f698820f3052a1d8fe109b3155fc0,external_inputs/robust-i30-fifo-r2001,832d1968258e2aa4be51a3e43c55a57047f7086b,71c5a1282473fd3b54dfa90eab8f606dc30b9d8a8cea45476ae0727b3ad46655,VALIDATED,1,
followup_status_priority_load_robustness_v1_20260905,SUPPORTING_ROBUSTNESS,I30,30,0.6666666666666666,I30-R2001,robust-i30-policy-r2001,STATUS_PRIORITY_NON_DROPPING,20260904,2001,2001000000,34c85842f2b248c110bd98f20c2d5ac1cc4f698820f3052a1d8fe109b3155fc0,external_inputs/robust-i30-policy-r2001,832d1968258e2aa4be51a3e43c55a57047f7086b,49c2fd76310f548fc9a5f35fee536846e008105c4cc79dd3e5d481afe13b4e65,VALIDATED,1,
followup_status_priority_load_robustness_v1_20260905,SUPPORTING_ROBUSTNESS,I30,30,0.6666666666666666,I30-R2002,robust-i30-fifo-r2002,FIFO,20260904,2002,2002000000,814e03e17eecad77aae5d6ab780fce4e15e8510a1c6970549cb83d1a58c78314,external_inputs/robust-i30-fifo-r2002,832d1968258e2aa4be51a3e43c55a57047f7086b,ec2ec9de91e6ef143982a83a0a4ea9285d43ed420b5680f32ba4d24fb789eb1c,VALIDATED,1,
followup_status_priority_load_robustness_v1_20260905,SUPPORTING_ROBUSTNESS,I30,30,0.6666666666666666,I30-R2002,robust-i30-policy-r2002,STATUS_PRIORITY_NON_DROPPING,20260904,2002,2002000000,814e03e17eecad77aae5d6ab780fce4e15e8510a1c6970549cb83d1a58c78314,external_inputs/robust-i30-policy-r2002,832d1968258e2aa4be51a3e43c55a57047f7086b,81bfe4674577159d69593557ca7c561a59ab218047d96a928fb1f73b58d3bb1b,VALIDATED,1,
followup_status_priority_load_robustness_v1_20260905,SUPPORTING_ROBUSTNESS,I30,30,0.6666666666666666,I30-R2003,robust-i30-fifo-r2003,FIFO,20260904,2003,2003000000,8c30bd8c91969e011a40045ef2276e464dbbe2446049bca4ab7661570898ccde,external_inputs/robust-i30-fifo-r2003,832d1968258e2aa4be51a3e43c55a57047f7086b,2001877f79900f8914145e40918dde8d9f7ee821dda9e1b076d2f164b1a829a0,VALIDATED,1,
followup_status_priority_load_robustness_v1_20260905,SUPPORTING_ROBUSTNESS,I30,30,0.6666666666666666,I30-R2003,robust-i30-policy-r2003,STATUS_PRIORITY_NON_DROPPING,20260904,2003,2003000000,8c30bd8c91969e011a40045ef2276e464dbbe2446049bca4ab7661570898ccde,external_inputs/robust-i30-policy-r2003,832d1968258e2aa4be51a3e43c55a57047f7086b,aad6c78b50057e452f746b765d5f610c27575b501ee28b090b6feacfa2788905,VALIDATED,1,
followup_status_priority_load_robustness_v1_20260905,SUPPORTING_ROBUSTNESS,I30,30,0.6666666666666666,I30-R2004,robust-i30-fifo-r2004,FIFO,20260904,2004,2004000000,ef7e093c7a1345eaced831ea600e5b668fc9bc69abb28b788ae455ea18270e9a,external_inputs/robust-i30-fifo-r2004,832d1968258e2aa4be51a3e43c55a57047f7086b,c1ef482c18e5563171c4be01344acaf7ec863470cc0b10728bec940b0333ee0f,VALIDATED,1,
followup_status_priority_load_robustness_v1_20260905,SUPPORTING_ROBUSTNESS,I30,30,0.6666666666666666,I30-R2004,robust-i30-policy-r2004,STATUS_PRIORITY_NON_DROPPING,20260904,2004,2004000000,ef7e093c7a1345eaced831ea600e5b668fc9bc69abb28b788ae455ea18270e9a,external_inputs/robust-i30-policy-r2004,832d1968258e2aa4be51a3e43c55a57047f7086b,35ff84fba80eccb515f384755ce8e4303af33d99edcaccbe7c15b4cfe3757990,VALIDATED,1,
followup_status_priority_load_robustness_v1_20260905,SUPPORTING_ROBUSTNESS,I30,30,0.6666666666666666,I30-R2005,robust-i30-fifo-r2005,FIFO,20260904,2005,2005000000,d4bfc4ac8a8bbb3f0e186857736d6b9e3dad4eadfe735d7c7e85f441f99e0fd8,external_inputs/robust-i30-fifo-r2005,832d1968258e2aa4be51a3e43c55a57047f7086b,f842fe7714ad8312064bd6c88c154ad76b26c57a86995190e5e1684970eab807,VALIDATED,1,
followup_status_priority_load_robustness_v1_20260905,SUPPORTING_ROBUSTNESS,I30,30,0.6666666666666666,I30-R2005,robust-i30-policy-r2005,STATUS_PRIORITY_NON_DROPPING,20260904,2005,2005000000,d4bfc4ac8a8bbb3f0e186857736d6b9e3dad4eadfe735d7c7e85f441f99e0fd8,external_inputs/robust-i30-policy-r2005,832d1968258e2aa4be51a3e43c55a57047f7086b,c8ecba9e128607e23c5412157713a0b7e297e94d307bef88e75c6ba7dd820e14,VALIDATED,1,
followup_status_priority_load_robustness_v1_20260905,SUPPORTING_ROBUSTNESS,I30,30,0.6666666666666666,I30-R2006,robust-i30-fifo-r2006,FIFO,20260904,2006,2006000000,18aefeded1c387b4ae0b7459b7137524873a496e278f61ee52b7dcc7b4e0b9da,external_inputs/robust-i30-fifo-r2006,832d1968258e2aa4be51a3e43c55a57047f7086b,5643f7ea667fd834e5ec40ce1d9b269832f067bebad8cbfa8f91e7097e4423bc,VALIDATED,1,
followup_status_priority_load_robustness_v1_20260905,SUPPORTING_ROBUSTNESS,I30,30,0.6666666666666666,I30-R2006,robust-i30-policy-r2006,STATUS_PRIORITY_NON_DROPPING,20260904,2006,2006000000,18aefeded1c387b4ae0b7459b7137524873a496e278f61ee52b7dcc7b4e0b9da,external_inputs/robust-i30-policy-r2006,832d1968258e2aa4be51a3e43c55a57047f7086b,489816659fc10b6bd5a0e52adcfe1f43bed273cb1590996bdfd2cacbfac1ad62,VALIDATED,1,
followup_status_priority_load_robustness_v1_20260905,SUPPORTING_ROBUSTNESS,I30,30,0.6666666666666666,I30-R2007,robust-i30-fifo-r2007,FIFO,20260904,2007,2007000000,24453402074c8ac5e89e8423ba25e06fa1b036a7c764457e9e65952a8aba631b,external_inputs/robust-i30-fifo-r2007,832d1968258e2aa4be51a3e43c55a57047f7086b,94a3f8ca6e66fef5c7cb87c74d73b36ab9f9feeb77d6cb114bf5c6a7acea49ff,VALIDATED,1,
followup_status_priority_load_robustness_v1_20260905,SUPPORTING_ROBUSTNESS,I30,30,0.6666666666666666,I30-R2007,robust-i30-policy-r2007,STATUS_PRIORITY_NON_DROPPING,20260904,2007,2007000000,24453402074c8ac5e89e8423ba25e06fa1b036a7c764457e9e65952a8aba631b,external_inputs/robust-i30-policy-r2007,832d1968258e2aa4be51a3e43c55a57047f7086b,376858be5e927e5a8824115b8f5d288ae529ccc7cae5eb1511af2b4a450dd3bf,VALIDATED,1,
followup_status_priority_load_robustness_v1_20260905,SUPPORTING_ROBUSTNESS,I30,30,0.6666666666666666,I30-R2008,robust-i30-fifo-r2008,FIFO,20260904,2008,2008000000,979be1b36b9db639fe3b35bc961bdce6e22294f1d9cdb5863fd3dbe1c004f426,external_inputs/robust-i30-fifo-r2008,832d1968258e2aa4be51a3e43c55a57047f7086b,8cbba634e3dfdee46dd34a8485322238c176a44c10a5d9926541aaffb38314ab,VALIDATED,1,
followup_status_priority_load_robustness_v1_20260905,SUPPORTING_ROBUSTNESS,I30,30,0.6666666666666666,I30-R2008,robust-i30-policy-r2008,STATUS_PRIORITY_NON_DROPPING,20260904,2008,2008000000,979be1b36b9db639fe3b35bc961bdce6e22294f1d9cdb5863fd3dbe1c004f426,external_inputs/robust-i30-policy-r2008,832d1968258e2aa4be51a3e43c55a57047f7086b,9ca29d5f10105fdd0190840f2bc7e978578ad0f3942144b58c90618ce0f30840,VALIDATED,1,
followup_status_priority_load_robustness_v1_20260905,SUPPORTING_ROBUSTNESS,I30,30,0.6666666666666666,I30-R2009,robust-i30-fifo-r2009,FIFO,20260904,2009,2009000000,f94aeca93ff3e2ab93cf505c2254b7b3de76fb126a4cbe71c810a9e25d84a744,external_inputs/robust-i30-fifo-r2009,832d1968258e2aa4be51a3e43c55a57047f7086b,653ed2a5b615318d4d2b543ea91ce8a34844fca7baa89e23cbb67bca7a752de4,VALIDATED,1,
followup_status_priority_load_robustness_v1_20260905,SUPPORTING_ROBUSTNESS,I30,30,0.6666666666666666,I30-R2009,robust-i30-policy-r2009,STATUS_PRIORITY_NON_DROPPING,20260904,2009,2009000000,f94aeca93ff3e2ab93cf505c2254b7b3de76fb126a4cbe71c810a9e25d84a744,external_inputs/robust-i30-policy-r2009,832d1968258e2aa4be51a3e43c55a57047f7086b,6f67e5597141763715f3efb5491bb20414c4232ea87768b2fd9b9da91214c24b,VALIDATED,1,
followup_status_priority_load_robustness_v1_20260905,SUPPORTING_ROBUSTNESS,I30,30,0.6666666666666666,I30-R2010,robust-i30-fifo-r2010,FIFO,20260904,2010,2010000000,732e0a4e105f247406777427f272d04ac8f0248b442ea401bd3590246b713b4a,external_inputs/robust-i30-fifo-r2010,832d1968258e2aa4be51a3e43c55a57047f7086b,1f11b9f7e8511621efd7c7d846fdc6c4e88006195453497a1696b12154ec158f,VALIDATED,1,
followup_status_priority_load_robustness_v1_20260905,SUPPORTING_ROBUSTNESS,I30,30,0.6666666666666666,I30-R2010,robust-i30-policy-r2010,STATUS_PRIORITY_NON_DROPPING,20260904,2010,2010000000,732e0a4e105f247406777427f272d04ac8f0248b442ea401bd3590246b713b4a,external_inputs/robust-i30-policy-r2010,832d1968258e2aa4be51a3e43c55a57047f7086b,3ca48e0559363d64df8f45d1e5160aa64d2200bd95139aaef5482be938f5ac30,VALIDATED,1,
followup_status_priority_load_robustness_v1_20260905,SUPPORTING_ROBUSTNESS,I30,30,0.6666666666666666,I30-R2011,robust-i30-fifo-r2011,FIFO,20260904,2011,2011000000,b7978b8aeaad781757daa28e047e08713c9b08de5747657fb47af89e3f4d46c4,external_inputs/robust-i30-fifo-r2011,832d1968258e2aa4be51a3e43c55a57047f7086b,caff089b9aefbe5578cc31444354f40f6d9c62d6c7244160fe648bf26835e3fb,VALIDATED,1,
followup_status_priority_load_robustness_v1_20260905,SUPPORTING_ROBUSTNESS,I30,30,0.6666666666666666,I30-R2011,robust-i30-policy-r2011,STATUS_PRIORITY_NON_DROPPING,20260904,2011,2011000000,b7978b8aeaad781757daa28e047e08713c9b08de5747657fb47af89e3f4d46c4,external_inputs/robust-i30-policy-r2011,832d1968258e2aa4be51a3e43c55a57047f7086b,ae4e1af4df9463e47bbe8a21f0b671185e45df163cdb1da53e6bb25fe0117cf3,VALIDATED,1,
followup_status_priority_load_robustness_v1_20260905,SUPPORTING_ROBUSTNESS,I30,30,0.6666666666666666,I30-R2012,robust-i30-fifo-r2012,FIFO,20260904,2012,2012000000,8addba968251bac8a48466126839f44bcf6fb3f2680dc1664b6609413fbadb71,external_inputs/robust-i30-fifo-r2012,832d1968258e2aa4be51a3e43c55a57047f7086b,1e5aece475b954b967530db53c1d62d740cc57da41427d6727a1338ff2f4d8ae,VALIDATED,1,
followup_status_priority_load_robustness_v1_20260905,SUPPORTING_ROBUSTNESS,I30,30,0.6666666666666666,I30-R2012,robust-i30-policy-r2012,STATUS_PRIORITY_NON_DROPPING,20260904,2012,2012000000,8addba968251bac8a48466126839f44bcf6fb3f2680dc1664b6609413fbadb71,external_inputs/robust-i30-policy-r2012,832d1968258e2aa4be51a3e43c55a57047f7086b,9c56784e0c10e57dba6276111f17609ab514448647a5d0135392fe888ba6e7f3,VALIDATED,1,
followup_status_priority_load_robustness_v1_20260905,SUPPORTING_ROBUSTNESS,I30,30,0.6666666666666666,I30-R2013,robust-i30-fifo-r2013,FIFO,20260904,2013,2013000000,3be36304ddb8e27034e9758129e525b107b06bd701140cccd599428a712559a6,external_inputs/robust-i30-fifo-r2013,832d1968258e2aa4be51a3e43c55a57047f7086b,255854398ec849f5c8c21d78d02cc2f2c4d21c95268deeb270d5ff5668bf2caf,VALIDATED,1,
followup_status_priority_load_robustness_v1_20260905,SUPPORTING_ROBUSTNESS,I30,30,0.6666666666666666,I30-R2013,robust-i30-policy-r2013,STATUS_PRIORITY_NON_DROPPING,20260904,2013,2013000000,3be36304ddb8e27034e9758129e525b107b06bd701140cccd599428a712559a6,external_inputs/robust-i30-policy-r2013,832d1968258e2aa4be51a3e43c55a57047f7086b,aceb58cc2d8e3d6bd9ad0870e7bf0d6cfc374823d3a1579f2289736f9e6a5756,VALIDATED,1,
followup_status_priority_load_robustness_v1_20260905,SUPPORTING_ROBUSTNESS,I30,30,0.6666666666666666,I30-R2014,robust-i30-fifo-r2014,FIFO,20260904,2014,2014000000,a4b226675ed820e6620ac25d3c28aa45fca26e5a546c364f5852629e4209459d,external_inputs/robust-i30-fifo-r2014,832d1968258e2aa4be51a3e43c55a57047f7086b,eb7f31cb183c833cb7aa4a3d634c7dc69e70549b8838d25b476fd2fe021c18f9,VALIDATED,1,
followup_status_priority_load_robustness_v1_20260905,SUPPORTING_ROBUSTNESS,I30,30,0.6666666666666666,I30-R2014,robust-i30-policy-r2014,STATUS_PRIORITY_NON_DROPPING,20260904,2014,2014000000,a4b226675ed820e6620ac25d3c28aa45fca26e5a546c364f5852629e4209459d,external_inputs/robust-i30-policy-r2014,832d1968258e2aa4be51a3e43c55a57047f7086b,b8cd3faaadcdd2107ef96d8a59a8663570b8c24e139edc33e60090c981d61a1a,VALIDATED,1,
followup_status_priority_load_robustness_v1_20260905,SUPPORTING_ROBUSTNESS,I30,30,0.6666666666666666,I30-R2015,robust-i30-fifo-r2015,FIFO,20260904,2015,2015000000,cb33b244c06758b818842d9464dfc1939c104a45f01658571e326fa9a79cab33,external_inputs/robust-i30-fifo-r2015,832d1968258e2aa4be51a3e43c55a57047f7086b,f949f704976b9b48d6b04494cc7ef8f0b70b0774d8ed9d32cdf2bdddbf5764b0,VALIDATED,1,
followup_status_priority_load_robustness_v1_20260905,SUPPORTING_ROBUSTNESS,I30,30,0.6666666666666666,I30-R2015,robust-i30-policy-r2015,STATUS_PRIORITY_NON_DROPPING,20260904,2015,2015000000,cb33b244c06758b818842d9464dfc1939c104a45f01658571e326fa9a79cab33,external_inputs/robust-i30-policy-r2015,832d1968258e2aa4be51a3e43c55a57047f7086b,32fe4646ae426202e37bd2fd060f38721be9699c2b86ba02134939663a47c62b,VALIDATED,1,
followup_status_priority_load_robustness_v1_20260905,SUPPORTING_ROBUSTNESS,I30,30,0.6666666666666666,I30-R2016,robust-i30-fifo-r2016,FIFO,20260904,2016,2016000000,28a4071fcfae515183a027f21bdd6ced11952cdc0513502577712781e932ab34,external_inputs/robust-i30-fifo-r2016,832d1968258e2aa4be51a3e43c55a57047f7086b,01f607024e1a9ee2a51b1310c9bba2495f8dc99433ef09698b6a56e4aad60309,VALIDATED,1,
followup_status_priority_load_robustness_v1_20260905,SUPPORTING_ROBUSTNESS,I30,30,0.6666666666666666,I30-R2016,robust-i30-policy-r2016,STATUS_PRIORITY_NON_DROPPING,20260904,2016,2016000000,28a4071fcfae515183a027f21bdd6ced11952cdc0513502577712781e932ab34,external_inputs/robust-i30-policy-r2016,832d1968258e2aa4be51a3e43c55a57047f7086b,1c3e7ec0d48e6a6a4da372e01a39df7103f1cb7fcc319ee1ad52f92999a6c0e9,VALIDATED,1,
followup_status_priority_load_robustness_v1_20260905,SUPPORTING_ROBUSTNESS,I30,30,0.6666666666666666,I30-R2017,robust-i30-fifo-r2017,FIFO,20260904,2017,2017000000,4c3bbe0b8428a183e8dffae0a65d53dbf9297a8b809c634770cc7f7f1722490d,external_inputs/robust-i30-fifo-r2017,832d1968258e2aa4be51a3e43c55a57047f7086b,2424cd49ff7e8f40f289c1ef3d45405b1f03ffe643be6873beab6856014b9e43,VALIDATED,1,
followup_status_priority_load_robustness_v1_20260905,SUPPORTING_ROBUSTNESS,I30,30,0.6666666666666666,I30-R2017,robust-i30-policy-r2017,STATUS_PRIORITY_NON_DROPPING,20260904,2017,2017000000,4c3bbe0b8428a183e8dffae0a65d53dbf9297a8b809c634770cc7f7f1722490d,external_inputs/robust-i30-policy-r2017,832d1968258e2aa4be51a3e43c55a57047f7086b,bb8e1a0265723aac99b7e3e7112a627d92077097f8a63defbb76ad65ba5b3404,VALIDATED,1,
followup_status_priority_load_robustness_v1_20260905,SUPPORTING_ROBUSTNESS,I30,30,0.6666666666666666,I30-R2018,robust-i30-fifo-r2018,FIFO,20260904,2018,2018000000,9e708d6a14e51bb43a96117ce920b9106e28813693f7cfe4cd87c0b5896340a1,external_inputs/robust-i30-fifo-r2018,832d1968258e2aa4be51a3e43c55a57047f7086b,91cd2cf4c447db389c3173bd9882eafdf216d7640a40b75b418443868e96e3bc,VALIDATED,1,
followup_status_priority_load_robustness_v1_20260905,SUPPORTING_ROBUSTNESS,I30,30,0.6666666666666666,I30-R2018,robust-i30-policy-r2018,STATUS_PRIORITY_NON_DROPPING,20260904,2018,2018000000,9e708d6a14e51bb43a96117ce920b9106e28813693f7cfe4cd87c0b5896340a1,external_inputs/robust-i30-policy-r2018,832d1968258e2aa4be51a3e43c55a57047f7086b,e5840c9b5599ff32d1a82567253275d39616142cea4dccd6812e11ae0fddfc65,VALIDATED,1,
followup_status_priority_load_robustness_v1_20260905,SUPPORTING_ROBUSTNESS,I30,30,0.6666666666666666,I30-R2019,robust-i30-fifo-r2019,FIFO,20260904,2019,2019000000,5cb04ac89097c9f29d313e76eaf3fa5bc87dd71fc28834b2495ccd1b4994cf59,external_inputs/robust-i30-fifo-r2019,832d1968258e2aa4be51a3e43c55a57047f7086b,de7bddfa7c1d11d732fbf6a8efdfedb0a1390a4e44e0eb69b76693372d8d687c,VALIDATED,1,
followup_status_priority_load_robustness_v1_20260905,SUPPORTING_ROBUSTNESS,I30,30,0.6666666666666666,I30-R2019,robust-i30-policy-r2019,STATUS_PRIORITY_NON_DROPPING,20260904,2019,2019000000,5cb04ac89097c9f29d313e76eaf3fa5bc87dd71fc28834b2495ccd1b4994cf59,external_inputs/robust-i30-policy-r2019,832d1968258e2aa4be51a3e43c55a57047f7086b,494016de5ff4d151080442afd94dcba234a067bade4f69bd9660bc5a38d3d1e0,VALIDATED,1,
followup_status_priority_load_robustness_v1_20260905,SUPPORTING_ROBUSTNESS,I30,30,0.6666666666666666,I30-R2020,robust-i30-fifo-r2020,FIFO,20260904,2020,2020000000,d4ad7523fcb12eb5fcf906b8cd2e1b755986c95043921d0a7b192e38f49028f5,external_inputs/robust-i30-fifo-r2020,832d1968258e2aa4be51a3e43c55a57047f7086b,9f7c1f611e796d24d11f333e395fc3cb0ea26edaea6c257e4c257b1c9b62138c,VALIDATED,1,
followup_status_priority_load_robustness_v1_20260905,SUPPORTING_ROBUSTNESS,I30,30,0.6666666666666666,I30-R2020,robust-i30-policy-r2020,STATUS_PRIORITY_NON_DROPPING,20260904,2020,2020000000,d4ad7523fcb12eb5fcf906b8cd2e1b755986c95043921d0a7b192e38f49028f5,external_inputs/robust-i30-policy-r2020,832d1968258e2aa4be51a3e43c55a57047f7086b,1c225d52ab5a8f33da96cb9c5322e4d1b0781c35404403296d6316a7adf63b7c,VALIDATED,1,
